team_long_name,team_short_name,date,defenceAggression,defencePressure,defenceTeamWidth
FC Aarau,AAR,2010-02-22 00:00:00,55,50,45
FC Aarau,AAR,2014-09-19 00:00:00,44,47,54
FC Aarau,AAR,2015-09-10 00:00:00,44,47,54
Aberdeen,ABE,2010-02-22 00:00:00,70,60,70
Aberdeen,ABE,2011-02-22 00:00:00,47,47,52
Aberdeen,ABE,2012-02-22 00:00:00,40,40,60
Aberdeen,ABE,2013-09-20 00:00:00,42,42,60
Aberdeen,ABE,2014-09-19 00:00:00,42,41,60
Aberdeen,ABE,2015-09-10 00:00:00,45,49,63
AC Ajaccio,AJA,2010-02-22 00:00:00,70,30,30
AC Ajaccio,AJA,2011-02-22 00:00:00,45,45,50
AC Ajaccio,AJA,2012-02-22 00:00:00,47,38,53
AC Ajaccio,AJA,2013-09-20 00:00:00,47,38,53
AC Ajaccio,AJA,2014-09-19 00:00:00,47,38,53
AC Ajaccio,AJA,2015-09-10 00:00:00,47,38,53
Milan,ACM,2010-02-22 00:00:00,35,30,60
Milan,ACM,2011-02-22 00:00:00,50,50,50
Milan,ACM,2012-02-22 00:00:00,45,45,50
Milan,ACM,2013-09-20 00:00:00,49,48,53
Milan,ACM,2014-09-19 00:00:00,57,58,49
Milan,ACM,2015-09-10 00:00:00,57,58,49
Académica de Coimbra,ACA,2010-02-22 00:00:00,30,30,30
Académica de Coimbra,ACA,2011-02-22 00:00:00,45,30,65
Académica de Coimbra,ACA,2012-02-22 00:00:00,38,52,61
Académica de Coimbra,ACA,2013-09-20 00:00:00,38,52,61
Académica de Coimbra,ACA,2014-09-19 00:00:00,38,39,61
Académica de Coimbra,ACA,2015-09-10 00:00:00,38,39,61
ADO Den Haag,HAA,2010-02-22 00:00:00,30,30,30
ADO Den Haag,HAA,2011-02-22 00:00:00,62,46,65
ADO Den Haag,HAA,2012-02-22 00:00:00,58,50,62
ADO Den Haag,HAA,2013-09-20 00:00:00,58,50,52
ADO Den Haag,HAA,2014-09-19 00:00:00,50,57,52
ADO Den Haag,HAA,2015-09-10 00:00:00,50,40,52
Ajax,AJA,2010-02-22 00:00:00,30,30,30
Ajax,AJA,2011-02-22 00:00:00,57,65,63
Ajax,AJA,2012-02-22 00:00:00,65,68,60
Ajax,AJA,2013-09-20 00:00:00,65,68,50
Ajax,AJA,2014-09-19 00:00:00,53,64,64
Ajax,AJA,2015-09-10 00:00:00,53,64,59
UD Almería,ALM,2010-02-22 00:00:00,65,70,30
UD Almería,ALM,2011-02-22 00:00:00,68,58,67
UD Almería,ALM,2012-02-22 00:00:00,53,37,45
UD Almería,ALM,2013-09-20 00:00:00,53,37,45
UD Almería,ALM,2014-09-19 00:00:00,53,37,45
UD Almería,ALM,2015-09-10 00:00:00,53,37,45
RSC Anderlecht,AND,2010-02-22 00:00:00,50,70,70
RSC Anderlecht,AND,2011-02-22 00:00:00,50,70,70
RSC Anderlecht,AND,2012-02-22 00:00:00,43,45,52
RSC Anderlecht,AND,2013-09-20 00:00:00,43,60,65
RSC Anderlecht,AND,2014-09-19 00:00:00,50,60,65
RSC Anderlecht,AND,2015-09-10 00:00:00,50,53,61
Angers SCO,ANG,2010-02-22 00:00:00,55,30,30
Angers SCO,ANG,2011-02-22 00:00:00,45,45,50
Angers SCO,ANG,2012-02-22 00:00:00,44,44,51
Angers SCO,ANG,2013-09-20 00:00:00,44,44,51
Angers SCO,ANG,2014-09-19 00:00:00,44,44,51
Angers SCO,ANG,2015-09-10 00:00:00,44,44,51
Arka Gdynia,ARK,2010-02-22 00:00:00,70,65,70
Arka Gdynia,ARK,2011-02-22 00:00:00,48,47,45
AC Arles-Avignon,ARL,2010-02-22 00:00:00,50,30,35
AC Arles-Avignon,ARL,2011-02-22 00:00:00,45,25,35
AC Arles-Avignon,ARL,2012-02-22 00:00:00,32,44,36
AC Arles-Avignon,ARL,2013-09-20 00:00:00,43,39,58
AC Arles-Avignon,ARL,2014-09-19 00:00:00,53,44,57
AC Arles-Avignon,ARL,2015-09-10 00:00:00,53,48,57
DSC Arminia Bielefeld,BIE,2010-02-22 00:00:00,40,45,50
DSC Arminia Bielefeld,BIE,2011-02-22 00:00:00,48,38,50
DSC Arminia Bielefeld,BIE,2014-09-19 00:00:00,54,36,48
FC Arouca,ARO,2014-09-19 00:00:00,37,35,37
FC Arouca,ARO,2015-09-10 00:00:00,39,37,37
Arsenal,ARS,2010-02-22 00:00:00,40,30,50
Arsenal,ARS,2011-02-22 00:00:00,40,50,45
Arsenal,ARS,2012-02-22 00:00:00,57,57,52
Arsenal,ARS,2013-09-20 00:00:00,54,64,52
Arsenal,ARS,2014-09-19 00:00:00,44,51,52
Arsenal,ARS,2015-09-10 00:00:00,44,51,52
Aston Villa,AVL,2010-02-22 00:00:00,70,30,30
Aston Villa,AVL,2011-02-22 00:00:00,45,35,65
Aston Villa,AVL,2012-02-22 00:00:00,50,43,52
Aston Villa,AVL,2013-09-20 00:00:00,41,39,54
Aston Villa,AVL,2014-09-19 00:00:00,42,39,52
Aston Villa,AVL,2015-09-10 00:00:00,44,35,54
Atalanta,ATA,2010-02-22 00:00:00,30,30,55
Atalanta,ATA,2011-02-22 00:00:00,55,45,65
Atalanta,ATA,2012-02-22 00:00:00,42,55,50
Atalanta,ATA,2013-09-20 00:00:00,53,54,49
Atalanta,ATA,2014-09-19 00:00:00,66,36,49
Atalanta,ATA,2015-09-10 00:00:00,63,36,49
Athletic Club de Bilbao,BIL,2010-02-22 00:00:00,70,30,35
Athletic Club de Bilbao,BIL,2011-02-22 00:00:00,67,48,55
Athletic Club de Bilbao,BIL,2012-02-22 00:00:00,60,37,68
Athletic Club de Bilbao,BIL,2013-09-20 00:00:00,60,37,68
Athletic Club de Bilbao,BIL,2014-09-19 00:00:00,60,37,65
Athletic Club de Bilbao,BIL,2015-09-10 00:00:00,57,49,50
Atlético Madrid,AMA,2010-02-22 00:00:00,34,70,55
Atlético Madrid,AMA,2011-02-22 00:00:00,48,58,54
Atlético Madrid,AMA,2012-02-22 00:00:00,37,52,55
Atlético Madrid,AMA,2013-09-20 00:00:00,37,52,55
Atlético Madrid,AMA,2014-09-19 00:00:00,37,52,55
Atlético Madrid,AMA,2015-09-10 00:00:00,42,49,52
FC Augsburg,AUG,2010-02-22 00:00:00,55,45,45
FC Augsburg,AUG,2011-02-22 00:00:00,49,59,42
FC Augsburg,AUG,2012-02-22 00:00:00,58,47,56
FC Augsburg,AUG,2013-09-20 00:00:00,43,33,52
FC Augsburg,AUG,2014-09-19 00:00:00,55,47,52
FC Augsburg,AUG,2015-09-10 00:00:00,50,34,59
AJ Auxerre,AUX,2010-02-22 00:00:00,55,30,30
AJ Auxerre,AUX,2011-02-22 00:00:00,45,35,65
AJ Auxerre,AUX,2012-02-22 00:00:00,45,34,36
AJ Auxerre,AUX,2013-09-20 00:00:00,45,34,41
AJ Auxerre,AUX,2014-09-19 00:00:00,45,34,36
AJ Auxerre,AUX,2015-09-10 00:00:00,45,34,40
AZ,ALK,2010-02-22 00:00:00,30,30,50
AZ,ALK,2011-02-22 00:00:00,50,60,65
AZ,ALK,2012-02-22 00:00:00,65,60,59
AZ,ALK,2013-09-20 00:00:00,65,50,59
AZ,ALK,2014-09-19 00:00:00,61,50,55
AZ,ALK,2015-09-10 00:00:00,61,50,55
FC Barcelona,BAR,2010-02-22 00:00:00,30,70,70
FC Barcelona,BAR,2011-02-22 00:00:00,43,67,68
FC Barcelona,BAR,2012-02-22 00:00:00,63,66,66
FC Barcelona,BAR,2013-09-20 00:00:00,63,61,65
FC Barcelona,BAR,2014-09-19 00:00:00,63,61,65
FC Barcelona,BAR,2015-09-10 00:00:00,65,61,65
Bari,BAR,2010-02-22 00:00:00,30,40,45
Bari,BAR,2011-02-22 00:00:00,45,55,60
Bari,BAR,2012-02-22 00:00:00,45,45,50
Bari,BAR,2013-09-20 00:00:00,51,49,61
Bari,BAR,2014-09-19 00:00:00,51,49,53
Bari,BAR,2015-09-10 00:00:00,51,50,55
FC Basel,BAS,2010-02-22 00:00:00,60,60,60
FC Basel,BAS,2011-02-22 00:00:00,53,38,55
FC Basel,BAS,2012-02-22 00:00:00,58,47,53
FC Basel,BAS,2013-09-20 00:00:00,58,47,53
FC Basel,BAS,2014-09-19 00:00:00,58,47,53
FC Basel,BAS,2015-09-10 00:00:00,58,47,53
Bayer 04 Leverkusen,LEV,2010-02-22 00:00:00,60,70,70
Bayer 04 Leverkusen,LEV,2011-02-22 00:00:00,39,57,51
Bayer 04 Leverkusen,LEV,2012-02-22 00:00:00,42,50,47
Bayer 04 Leverkusen,LEV,2013-09-20 00:00:00,38,58,47
Bayer 04 Leverkusen,LEV,2014-09-19 00:00:00,46,50,54
Bayer 04 Leverkusen,LEV,2015-09-10 00:00:00,72,61,50
FC Bayern Munich,BMU,2010-02-22 00:00:00,40,70,65
FC Bayern Munich,BMU,2011-02-22 00:00:00,52,39,65
FC Bayern Munich,BMU,2012-02-22 00:00:00,35,49,50
FC Bayern Munich,BMU,2013-09-20 00:00:00,54,52,52
FC Bayern Munich,BMU,2014-09-19 00:00:00,59,61,40
FC Bayern Munich,BMU,2015-09-10 00:00:00,53,72,59
Beerschot AC,BAC,2010-02-22 00:00:00,70,70,70
Beerschot AC,BAC,2011-02-22 00:00:00,34,33,48
Beerschot AC,BAC,2012-02-22 00:00:00,46,45,50
Beerschot AC,BAC,2013-09-20 00:00:00,46,45,67
SC Beira Mar,B-M,2011-02-22 00:00:00,55,47,53
SC Beira Mar,B-M,2012-02-22 00:00:00,52,37,61
SC Beira Mar,B-M,2013-09-20 00:00:00,52,37,61
CF Os Belenenses,BEL,2010-02-22 00:00:00,30,30,30
CF Os Belenenses,BEL,2014-09-19 00:00:00,48,38,49
CF Os Belenenses,BEL,2015-09-10 00:00:00,48,38,49
AC Bellinzona,BEL,2010-02-22 00:00:00,50,45,55
AC Bellinzona,BEL,2011-02-22 00:00:00,50,32,56
SL Benfica,BEN,2010-02-22 00:00:00,30,30,30
SL Benfica,BEN,2011-02-22 00:00:00,56,55,60
SL Benfica,BEN,2012-02-22 00:00:00,51,61,57
SL Benfica,BEN,2013-09-20 00:00:00,58,60,57
SL Benfica,BEN,2014-09-19 00:00:00,57,60,54
SL Benfica,BEN,2015-09-10 00:00:00,57,60,54
Birmingham City,BIR,2010-02-22 00:00:00,70,70,70
Birmingham City,BIR,2011-02-22 00:00:00,60,30,45
Birmingham City,BIR,2012-02-22 00:00:00,48,42,54
Birmingham City,BIR,2013-09-20 00:00:00,44,42,54
Birmingham City,BIR,2014-09-19 00:00:00,48,42,54
Birmingham City,BIR,2015-09-10 00:00:00,47,42,54
Blackburn Rovers,BLB,2010-02-22 00:00:00,70,45,45
Blackburn Rovers,BLB,2011-02-22 00:00:00,60,45,55
Blackburn Rovers,BLB,2012-02-22 00:00:00,50,42,38
Blackburn Rovers,BLB,2013-09-20 00:00:00,50,42,38
Blackburn Rovers,BLB,2014-09-19 00:00:00,50,50,47
Blackburn Rovers,BLB,2015-09-10 00:00:00,50,50,57
Blackpool,BLA,2010-02-22 00:00:00,70,70,70
Blackpool,BLA,2011-02-22 00:00:00,50,45,45
Blackpool,BLA,2012-02-22 00:00:00,52,49,54
Blackpool,BLA,2013-09-20 00:00:00,52,49,54
Blackpool,BLA,2014-09-19 00:00:00,38,39,54
Blackpool,BLA,2015-09-10 00:00:00,38,39,54
Boavista FC,BOA,2015-09-10 00:00:00,62,32,54
VfL Bochum,BOC,2010-02-22 00:00:00,60,40,40
VfL Bochum,BOC,2011-02-22 00:00:00,60,48,56
VfL Bochum,BOC,2012-02-22 00:00:00,53,34,49
VfL Bochum,BOC,2013-09-20 00:00:00,53,40,41
VfL Bochum,BOC,2014-09-19 00:00:00,53,34,49
VfL Bochum,BOC,2015-09-10 00:00:00,47,58,67
Bologna,BOL,2010-02-22 00:00:00,30,55,50
Bologna,BOL,2011-02-22 00:00:00,50,30,50
Bologna,BOL,2012-02-22 00:00:00,45,35,50
Bologna,BOL,2013-09-20 00:00:00,43,43,48
Bologna,BOL,2014-09-19 00:00:00,54,28,48
Bologna,BOL,2015-09-10 00:00:00,54,30,48
Bolton Wanderers,BOL,2010-02-22 00:00:00,70,35,35
Bolton Wanderers,BOL,2011-02-22 00:00:00,55,40,50
Bolton Wanderers,BOL,2012-02-22 00:00:00,48,48,58
Bolton Wanderers,BOL,2013-09-20 00:00:00,48,39,58
Bolton Wanderers,BOL,2014-09-19 00:00:00,48,39,58
Bolton Wanderers,BOL,2015-09-10 00:00:00,48,39,58
Girondins de Bordeaux,BOR,2010-02-22 00:00:00,70,55,70
Girondins de Bordeaux,BOR,2011-02-22 00:00:00,45,55,65
Girondins de Bordeaux,BOR,2012-02-22 00:00:00,46,44,49
Girondins de Bordeaux,BOR,2013-09-20 00:00:00,46,44,49
Girondins de Bordeaux,BOR,2014-09-19 00:00:00,33,37,49
Girondins de Bordeaux,BOR,2015-09-10 00:00:00,52,57,49
Borussia Dortmund,DOR,2010-02-22 00:00:00,70,54,53
Borussia Dortmund,DOR,2011-02-22 00:00:00,67,59,46
Borussia Dortmund,DOR,2012-02-22 00:00:00,69,58,46
Borussia Dortmund,DOR,2013-09-20 00:00:00,70,60,48
Borussia Dortmund,DOR,2014-09-19 00:00:00,68,60,43
Borussia Dortmund,DOR,2015-09-10 00:00:00,71,65,40
Borussia Mönchengladbach,GLA,2010-02-22 00:00:00,40,55,65
Borussia Mönchengladbach,GLA,2011-02-22 00:00:00,58,49,49
Borussia Mönchengladbach,GLA,2012-02-22 00:00:00,43,33,38
Borussia Mönchengladbach,GLA,2013-09-20 00:00:00,53,33,41
Borussia Mönchengladbach,GLA,2014-09-19 00:00:00,50,43,41
Borussia Mönchengladbach,GLA,2015-09-10 00:00:00,48,41,39
US Boulogne Cote D'Opale,BOU,2010-02-22 00:00:00,60,70,70
US Boulogne Cote D'Opale,BOU,2011-02-22 00:00:00,55,35,65
US Boulogne Cote D'Opale,BOU,2012-02-22 00:00:00,44,45,66
Bournemouth,BOU,2010-02-22 00:00:00,70,70,70
Bournemouth,BOU,2011-02-22 00:00:00,46,27,48
Bournemouth,BOU,2012-02-22 00:00:00,50,48,62
Bournemouth,BOU,2013-09-20 00:00:00,50,48,62
Bournemouth,BOU,2014-09-19 00:00:00,50,48,62
Bournemouth,BOU,2015-09-10 00:00:00,50,48,62
SC Braga,BRA,2010-02-22 00:00:00,30,30,30
SC Braga,BRA,2011-02-22 00:00:00,60,40,50
SC Braga,BRA,2012-02-22 00:00:00,48,23,39
SC Braga,BRA,2013-09-20 00:00:00,56,25,39
SC Braga,BRA,2014-09-19 00:00:00,56,25,39
SC Braga,BRA,2015-09-10 00:00:00,56,25,39
Brescia,BRE,2010-02-22 00:00:00,30,45,55
Brescia,BRE,2011-02-22 00:00:00,45,45,55
Brescia,BRE,2012-02-22 00:00:00,45,35,50
Brescia,BRE,2013-09-20 00:00:00,52,41,62
Brescia,BRE,2014-09-19 00:00:00,52,41,57
Brescia,BRE,2015-09-10 00:00:00,52,41,57
Stade Brestois 29,BRE,2010-02-22 00:00:00,70,70,70
Stade Brestois 29,BRE,2011-02-22 00:00:00,45,55,65
Stade Brestois 29,BRE,2012-02-22 00:00:00,34,44,51
Stade Brestois 29,BRE,2013-09-20 00:00:00,34,44,51
Stade Brestois 29,BRE,2014-09-19 00:00:00,34,44,51
Stade Brestois 29,BRE,2015-09-10 00:00:00,34,44,51
Burnley,BUR,2010-02-22 00:00:00,70,65,70
Burnley,BUR,2011-02-22 00:00:00,56,24,66
Burnley,BUR,2012-02-22 00:00:00,50,52,58
Burnley,BUR,2013-09-20 00:00:00,50,48,58
Burnley,BUR,2014-09-19 00:00:00,57,54,58
Burnley,BUR,2015-09-10 00:00:00,62,63,58
SM Caen,CAE,2010-02-22 00:00:00,65,70,70
SM Caen,CAE,2011-02-22 00:00:00,45,55,65
SM Caen,CAE,2012-02-22 00:00:00,45,47,51
SM Caen,CAE,2013-09-20 00:00:00,45,47,51
SM Caen,CAE,2014-09-19 00:00:00,42,43,51
SM Caen,CAE,2015-09-10 00:00:00,42,43,51
Cagliari,CAG,2010-02-22 00:00:00,55,40,60
Cagliari,CAG,2011-02-22 00:00:00,45,45,51
Cagliari,CAG,2012-02-22 00:00:00,45,45,50
Cagliari,CAG,2013-09-20 00:00:00,56,46,51
Cagliari,CAG,2014-09-19 00:00:00,56,37,51
Cagliari,CAG,2015-09-10 00:00:00,65,65,57
SC Cambuur,CAM,2014-09-19 00:00:00,49,42,47
SC Cambuur,CAM,2015-09-10 00:00:00,49,42,47
Cardiff City,CAR,2010-02-22 00:00:00,70,70,70
Cardiff City,CAR,2011-02-22 00:00:00,47,46,53
Cardiff City,CAR,2012-02-22 00:00:00,43,47,56
Cardiff City,CAR,2013-09-20 00:00:00,43,47,56
Cardiff City,CAR,2014-09-19 00:00:00,41,33,39
Cardiff City,CAR,2015-09-10 00:00:00,41,33,39
Carpi,CAP,2014-09-19 00:00:00,44,46,51
Carpi,CAP,2015-09-10 00:00:00,55,25,35
Catania,CAT,2010-02-22 00:00:00,55,35,50
Catania,CAT,2011-02-22 00:00:00,55,35,50
Catania,CAT,2012-02-22 00:00:00,50,25,35
Catania,CAT,2013-09-20 00:00:00,57,37,52
Catania,CAT,2014-09-19 00:00:00,67,28,52
Catania,CAT,2015-09-10 00:00:00,64,31,52
RC Celta de Vigo,CEL,2010-02-22 00:00:00,30,35,50
RC Celta de Vigo,CEL,2011-02-22 00:00:00,41,40,47
RC Celta de Vigo,CEL,2012-02-22 00:00:00,52,42,68
RC Celta de Vigo,CEL,2013-09-20 00:00:00,52,42,68
RC Celta de Vigo,CEL,2014-09-19 00:00:00,52,42,65
RC Celta de Vigo,CEL,2015-09-10 00:00:00,55,55,59
Celtic,CEL,2010-02-22 00:00:00,70,60,70
Celtic,CEL,2011-02-22 00:00:00,46,46,67
Celtic,CEL,2012-02-22 00:00:00,50,50,60
Celtic,CEL,2013-09-20 00:00:00,51,55,60
Celtic,CEL,2014-09-19 00:00:00,54,51,60
Celtic,CEL,2015-09-10 00:00:00,55,58,56
KSV Cercle Brugge,CEB,2010-02-22 00:00:00,60,65,70
KSV Cercle Brugge,CEB,2011-02-22 00:00:00,50,60,70
KSV Cercle Brugge,CEB,2012-02-22 00:00:00,47,59,62
KSV Cercle Brugge,CEB,2013-09-20 00:00:00,47,59,62
KSV Cercle Brugge,CEB,2014-09-19 00:00:00,47,59,62
KSV Cercle Brugge,CEB,2015-09-10 00:00:00,47,59,62
Cesena,CES,2010-02-22 00:00:00,30,50,50
Cesena,CES,2011-02-22 00:00:00,55,35,50
Cesena,CES,2012-02-22 00:00:00,45,35,50
Cesena,CES,2013-09-20 00:00:00,49,39,57
Cesena,CES,2014-09-19 00:00:00,49,39,57
Cesena,CES,2015-09-10 00:00:00,49,39,57
Chelsea,CHE,2010-02-22 00:00:00,60,30,35
Chelsea,CHE,2011-02-22 00:00:00,55,35,50
Chelsea,CHE,2012-02-22 00:00:00,62,60,46
Chelsea,CHE,2013-09-20 00:00:00,43,42,46
Chelsea,CHE,2014-09-19 00:00:00,41,39,46
Chelsea,CHE,2015-09-10 00:00:00,41,39,46
Chievo Verona,CHI,2010-02-22 00:00:00,70,30,65
Chievo Verona,CHI,2011-02-22 00:00:00,70,36,51
Chievo Verona,CHI,2012-02-22 00:00:00,45,25,50
Chievo Verona,CHI,2013-09-20 00:00:00,59,26,51
Chievo Verona,CHI,2014-09-19 00:00:00,59,46,51
Chievo Verona,CHI,2015-09-10 00:00:00,59,46,51
Club Brugge KV,CLB,2010-02-22 00:00:00,70,60,70
Club Brugge KV,CLB,2011-02-22 00:00:00,44,57,47
Club Brugge KV,CLB,2012-02-22 00:00:00,50,60,52
Club Brugge KV,CLB,2013-09-20 00:00:00,59,43,45
Club Brugge KV,CLB,2014-09-19 00:00:00,50,51,57
Club Brugge KV,CLB,2015-09-10 00:00:00,50,51,57
Córdoba CF,COR,2010-02-22 00:00:00,30,35,40
Córdoba CF,COR,2011-02-22 00:00:00,38,40,44
Córdoba CF,COR,2012-02-22 00:00:00,41,36,52
Córdoba CF,COR,2013-09-20 00:00:00,41,36,52
Córdoba CF,COR,2014-09-19 00:00:00,41,36,52
Córdoba CF,COR,2015-09-10 00:00:00,39,38,52
Cracovia,CKR,2010-02-22 00:00:00,70,70,65
Cracovia,CKR,2011-02-22 00:00:00,33,48,63
Cracovia,CKR,2012-02-22 00:00:00,51,59,53
Cracovia,CKR,2014-09-19 00:00:00,34,59,64
Cracovia,CKR,2015-09-10 00:00:00,34,59,64
Crystal Palace,CRY,2010-02-22 00:00:00,60,65,60
Crystal Palace,CRY,2011-02-22 00:00:00,43,48,33
Crystal Palace,CRY,2012-02-22 00:00:00,27,44,53
Crystal Palace,CRY,2013-09-20 00:00:00,33,36,53
Crystal Palace,CRY,2014-09-19 00:00:00,34,36,48
Crystal Palace,CRY,2015-09-10 00:00:00,34,36,41
SV Darmstadt 98,DAR,2015-09-10 00:00:00,56,32,41
De Graafschap,GRA,2011-02-22 00:00:00,45,42,50
De Graafschap,GRA,2012-02-22 00:00:00,43,52,41
RC Deportivo de La Coruña,COR,2010-02-22 00:00:00,35,35,45
RC Deportivo de La Coruña,COR,2011-02-22 00:00:00,44,38,69
RC Deportivo de La Coruña,COR,2012-02-22 00:00:00,50,45,59
RC Deportivo de La Coruña,COR,2013-09-20 00:00:00,50,45,59
RC Deportivo de La Coruña,COR,2014-09-19 00:00:00,50,45,59
RC Deportivo de La Coruña,COR,2015-09-10 00:00:00,50,45,59
Dijon FCO,DIJ,2010-02-22 00:00:00,60,30,30
Dijon FCO,DIJ,2011-02-22 00:00:00,45,35,50
Dijon FCO,DIJ,2012-02-22 00:00:00,46,45,58
Dijon FCO,DIJ,2013-09-20 00:00:00,46,45,58
Dijon FCO,DIJ,2014-09-19 00:00:00,46,45,58
Dijon FCO,DIJ,2015-09-10 00:00:00,46,45,58
Dundee FC,DUF,2013-09-20 00:00:00,47,48,59
Dundee FC,DUF,2015-09-10 00:00:00,44,50,52
Dundee United,DUU,2010-02-22 00:00:00,70,60,70
Dundee United,DUU,2011-02-22 00:00:00,57,57,63
Dundee United,DUU,2012-02-22 00:00:00,38,40,52
Dundee United,DUU,2013-09-20 00:00:00,41,41,52
Dundee United,DUU,2014-09-19 00:00:00,40,41,52
Dundee United,DUU,2015-09-10 00:00:00,42,48,53
Dunfermline Athletic,DUN,2012-02-22 00:00:00,43,42,63
SD Eibar,EIB,2014-09-19 00:00:00,56,37,49
SD Eibar,EIB,2015-09-10 00:00:00,56,37,49
Eintracht Braunschweig,BRA,2012-02-22 00:00:00,42,54,48
Eintracht Braunschweig,BRA,2013-09-20 00:00:00,47,57,53
Eintracht Braunschweig,BRA,2014-09-19 00:00:00,40,30,39
Eintracht Braunschweig,BRA,2015-09-10 00:00:00,47,57,53
Eintracht Frankfurt,EFR,2010-02-22 00:00:00,30,65,45
Eintracht Frankfurt,EFR,2011-02-22 00:00:00,50,48,53
Eintracht Frankfurt,EFR,2012-02-22 00:00:00,45,46,54
Eintracht Frankfurt,EFR,2013-09-20 00:00:00,45,46,57
Eintracht Frankfurt,EFR,2014-09-19 00:00:00,46,43,55
Eintracht Frankfurt,EFR,2015-09-10 00:00:00,42,48,55
Elche CF,ELC,2010-02-22 00:00:00,45,50,45
Elche CF,ELC,2011-02-22 00:00:00,39,40,51
Elche CF,ELC,2012-02-22 00:00:00,51,49,58
Elche CF,ELC,2013-09-20 00:00:00,51,49,58
Elche CF,ELC,2014-09-19 00:00:00,51,49,58
Elche CF,ELC,2015-09-10 00:00:00,51,49,58
Empoli,EMP,2010-02-22 00:00:00,30,30,30
Empoli,EMP,2011-02-22 00:00:00,45,45,47
Empoli,EMP,2012-02-22 00:00:00,45,35,50
Empoli,EMP,2013-09-20 00:00:00,50,39,59
Empoli,EMP,2014-09-19 00:00:00,57,53,54
Empoli,EMP,2015-09-10 00:00:00,66,46,48
FC Energie Cottbus,COT,2010-02-22 00:00:00,70,68,68
FC Energie Cottbus,COT,2011-02-22 00:00:00,48,58,40
FC Energie Cottbus,COT,2012-02-22 00:00:00,47,57,52
FC Energie Cottbus,COT,2013-09-20 00:00:00,47,57,52
FC Energie Cottbus,COT,2014-09-19 00:00:00,55,47,52
RCD Espanyol,ESP,2010-02-22 00:00:00,50,70,60
RCD Espanyol,ESP,2011-02-22 00:00:00,58,51,56
RCD Espanyol,ESP,2012-02-22 00:00:00,40,37,45
RCD Espanyol,ESP,2013-09-20 00:00:00,40,37,45
RCD Espanyol,ESP,2014-09-19 00:00:00,40,37,45
RCD Espanyol,ESP,2015-09-10 00:00:00,40,37,45
Estoril Praia,EST,2013-09-20 00:00:00,49,46,55
Estoril Praia,EST,2014-09-19 00:00:00,49,46,55
Estoril Praia,EST,2015-09-10 00:00:00,49,46,55
KAS Eupen,EUP,2011-02-22 00:00:00,50,50,55
Everton,EVE,2010-02-22 00:00:00,70,40,40
Everton,EVE,2011-02-22 00:00:00,65,55,60
Everton,EVE,2012-02-22 00:00:00,50,50,60
Everton,EVE,2013-09-20 00:00:00,44,41,59
Everton,EVE,2014-09-19 00:00:00,58,52,60
Everton,EVE,2015-09-10 00:00:00,58,52,59
Évian Thonon Gaillard FC,ETG,2011-02-22 00:00:00,55,45,65
Évian Thonon Gaillard FC,ETG,2012-02-22 00:00:00,56,47,50
Évian Thonon Gaillard FC,ETG,2013-09-20 00:00:00,56,47,50
Évian Thonon Gaillard FC,ETG,2014-09-19 00:00:00,56,47,50
Évian Thonon Gaillard FC,ETG,2015-09-10 00:00:00,43,47,50
Excelsior,EXC,2011-02-22 00:00:00,47,25,33
Excelsior,EXC,2012-02-22 00:00:00,30,23,32
Excelsior,EXC,2015-09-10 00:00:00,41,29,36
Falkirk,FAL,2010-02-22 00:00:00,70,60,70
1. FC Köln,FCK,2010-02-22 00:00:00,55,45,70
1. FC Köln,FCK,2011-02-22 00:00:00,40,40,56
1. FC Köln,FCK,2012-02-22 00:00:00,55,43,67
1. FC Köln,FCK,2013-09-20 00:00:00,55,43,67
1. FC Köln,FCK,2014-09-19 00:00:00,46,57,54
1. FC Köln,FCK,2015-09-10 00:00:00,56,42,51
FC Dordrecht,DOR,2015-09-10 00:00:00,58,51,55
FC Groningen,GRO,2010-02-22 00:00:00,30,30,30
FC Groningen,GRO,2011-02-22 00:00:00,44,43,49
FC Groningen,GRO,2012-02-22 00:00:00,47,49,53
FC Groningen,GRO,2013-09-20 00:00:00,47,49,53
FC Groningen,GRO,2014-09-19 00:00:00,47,49,53
FC Groningen,GRO,2015-09-10 00:00:00,47,49,53
FC Porto,POR,2010-02-22 00:00:00,30,30,30
FC Porto,POR,2011-02-22 00:00:00,43,55,65
FC Porto,POR,2012-02-22 00:00:00,49,61,60
FC Porto,POR,2013-09-20 00:00:00,60,58,57
FC Porto,POR,2014-09-19 00:00:00,60,58,60
FC Porto,POR,2015-09-10 00:00:00,60,58,60
FC Utrecht,UTR,2010-02-22 00:00:00,30,30,30
FC Utrecht,UTR,2011-02-22 00:00:00,57,34,34
FC Utrecht,UTR,2012-02-22 00:00:00,49,45,47
FC Utrecht,UTR,2013-09-20 00:00:00,49,45,47
FC Utrecht,UTR,2014-09-19 00:00:00,49,45,47
FC Utrecht,UTR,2015-09-10 00:00:00,58,54,47
FC Vaduz,VAD,2015-09-10 00:00:00,33,42,58
FC Zürich,ZUR,2010-02-22 00:00:00,55,50,50
FC Zürich,ZUR,2011-02-22 00:00:00,49,54,60
FC Zürich,ZUR,2012-02-22 00:00:00,43,47,56
FC Zürich,ZUR,2013-09-20 00:00:00,43,47,56
FC Zürich,ZUR,2014-09-19 00:00:00,43,47,56
FC Zürich,ZUR,2015-09-10 00:00:00,43,47,56
Feyenoord,FEY,2010-02-22 00:00:00,30,30,30
Feyenoord,FEY,2011-02-22 00:00:00,59,48,53
Feyenoord,FEY,2012-02-22 00:00:00,43,43,54
Feyenoord,FEY,2013-09-20 00:00:00,43,43,40
Feyenoord,FEY,2014-09-19 00:00:00,43,43,40
Feyenoord,FEY,2015-09-10 00:00:00,46,43,40
Fiorentina,FIO,2010-02-22 00:00:00,30,45,60
Fiorentina,FIO,2011-02-22 00:00:00,45,45,50
Fiorentina,FIO,2012-02-22 00:00:00,45,45,50
Fiorentina,FIO,2013-09-20 00:00:00,47,47,51
Fiorentina,FIO,2014-09-19 00:00:00,59,58,67
Fiorentina,FIO,2015-09-10 00:00:00,59,58,61
Fortuna Düsseldorf,FDU,2010-02-22 00:00:00,70,45,54
Fortuna Düsseldorf,FDU,2011-02-22 00:00:00,59,46,34
Fortuna Düsseldorf,FDU,2012-02-22 00:00:00,57,56,52
Fortuna Düsseldorf,FDU,2013-09-20 00:00:00,48,24,45
Fortuna Düsseldorf,FDU,2014-09-19 00:00:00,48,47,50
Fortuna Düsseldorf,FDU,2015-09-10 00:00:00,57,56,52
SC Freiburg,FRE,2010-02-22 00:00:00,50,55,50
SC Freiburg,FRE,2011-02-22 00:00:00,42,41,50
SC Freiburg,FRE,2012-02-22 00:00:00,50,30,39
SC Freiburg,FRE,2013-09-20 00:00:00,62,53,37
SC Freiburg,FRE,2014-09-19 00:00:00,60,59,39
SC Freiburg,FRE,2015-09-10 00:00:00,62,53,29
Frosinone,FRO,2010-02-22 00:00:00,30,30,65
Frosinone,FRO,2011-02-22 00:00:00,67,61,65
Frosinone,FRO,2015-09-10 00:00:00,57,55,47
Fulham,FUL,2010-02-22 00:00:00,35,40,40
Fulham,FUL,2011-02-22 00:00:00,35,45,50
Fulham,FUL,2012-02-22 00:00:00,38,38,62
Fulham,FUL,2013-09-20 00:00:00,39,39,57
Fulham,FUL,2014-09-19 00:00:00,28,29,39
Fulham,FUL,2015-09-10 00:00:00,30,29,39
KRC Genk,GEN,2010-02-22 00:00:00,65,70,70
KRC Genk,GEN,2011-02-22 00:00:00,47,48,54
KRC Genk,GEN,2012-02-22 00:00:00,45,47,55
KRC Genk,GEN,2013-09-20 00:00:00,45,47,55
KRC Genk,GEN,2014-09-19 00:00:00,45,47,55
KRC Genk,GEN,2015-09-10 00:00:00,57,36,70
Genoa,GEN,2010-02-22 00:00:00,65,40,30
Genoa,GEN,2011-02-22 00:00:00,65,54,35
Genoa,GEN,2012-02-22 00:00:00,45,45,50
Genoa,GEN,2013-09-20 00:00:00,47,46,53
Genoa,GEN,2014-09-19 00:00:00,47,23,53
Genoa,GEN,2015-09-10 00:00:00,47,27,53
KAA Gent,GEN,2010-02-22 00:00:00,50,45,40
KAA Gent,GEN,2011-02-22 00:00:00,39,61,38
KAA Gent,GEN,2012-02-22 00:00:00,45,48,52
KAA Gent,GEN,2013-09-20 00:00:00,53,50,40
KAA Gent,GEN,2014-09-19 00:00:00,59,55,52
KAA Gent,GEN,2015-09-10 00:00:00,54,49,52
Getafe CF,GET,2010-02-22 00:00:00,30,40,50
Getafe CF,GET,2011-02-22 00:00:00,39,59,66
Getafe CF,GET,2012-02-22 00:00:00,45,49,47
Getafe CF,GET,2013-09-20 00:00:00,45,49,47
Getafe CF,GET,2014-09-19 00:00:00,45,49,47
Getafe CF,GET,2015-09-10 00:00:00,42,43,49
GFC Ajaccio,GAJ,2013-09-20 00:00:00,46,47,53
GFC Ajaccio,GAJ,2015-09-10 00:00:00,46,42,53
Gil Vicente FC,GV,2012-02-22 00:00:00,57,39,53
Gil Vicente FC,GV,2013-09-20 00:00:00,57,39,53
Gil Vicente FC,GV,2014-09-19 00:00:00,40,39,53
Gil Vicente FC,GV,2015-09-10 00:00:00,40,39,53
GKS Bełchatów,BEL,2010-02-22 00:00:00,70,65,65
GKS Bełchatów,BEL,2011-02-22 00:00:00,60,48,37
GKS Bełchatów,BEL,2012-02-22 00:00:00,45,47,35
GKS Bełchatów,BEL,2013-09-20 00:00:00,45,47,40
GKS Bełchatów,BEL,2015-09-10 00:00:00,45,47,40
Go Ahead Eagles,GAE,2014-09-19 00:00:00,47,43,51
Go Ahead Eagles,GAE,2015-09-10 00:00:00,47,43,51
Górnik Łęczna,LEC,2015-09-10 00:00:00,47,52,50
Polonia Bytom,GOR,2010-02-22 00:00:00,70,60,55
Polonia Bytom,GOR,2011-02-22 00:00:00,54,53,55
Granada CF,GRA,2011-02-22 00:00:00,49,54,67
Granada CF,GRA,2012-02-22 00:00:00,45,49,68
Granada CF,GRA,2013-09-20 00:00:00,45,49,68
Granada CF,GRA,2014-09-19 00:00:00,45,49,64
Granada CF,GRA,2015-09-10 00:00:00,45,48,62
Grasshopper Club Zürich,GRA,2010-02-22 00:00:00,60,40,60
Grasshopper Club Zürich,GRA,2011-02-22 00:00:00,48,43,62
Grasshopper Club Zürich,GRA,2012-02-22 00:00:00,43,36,47
Grasshopper Club Zürich,GRA,2013-09-20 00:00:00,43,36,47
Grasshopper Club Zürich,GRA,2014-09-19 00:00:00,43,36,47
Grasshopper Club Zürich,GRA,2015-09-10 00:00:00,43,36,47
Grenoble Foot 38,GRE,2010-02-22 00:00:00,55,70,70
Grenoble Foot 38,GRE,2011-02-22 00:00:00,45,45,50
SpVgg Greuther Fürth,GRF,2010-02-22 00:00:00,55,40,60
SpVgg Greuther Fürth,GRF,2011-02-22 00:00:00,46,59,53
SpVgg Greuther Fürth,GRF,2012-02-22 00:00:00,56,48,66
SpVgg Greuther Fürth,GRF,2013-09-20 00:00:00,56,36,33
SpVgg Greuther Fürth,GRF,2014-09-19 00:00:00,48,49,62
SpVgg Greuther Fürth,GRF,2015-09-10 00:00:00,56,48,66
En Avant de Guingamp,GUI,2010-02-22 00:00:00,65,30,30
En Avant de Guingamp,GUI,2012-02-22 00:00:00,43,33,49
En Avant de Guingamp,GUI,2013-09-20 00:00:00,43,46,49
En Avant de Guingamp,GUI,2014-09-19 00:00:00,47,43,49
En Avant de Guingamp,GUI,2015-09-10 00:00:00,47,49,49
Hamburger SV,HAM,2010-02-22 00:00:00,45,70,60
Hamburger SV,HAM,2011-02-22 00:00:00,55,60,52
Hamburger SV,HAM,2012-02-22 00:00:00,47,55,48
Hamburger SV,HAM,2013-09-20 00:00:00,35,45,58
Hamburger SV,HAM,2014-09-19 00:00:00,32,45,63
Hamburger SV,HAM,2015-09-10 00:00:00,41,44,49
Hamilton Academical FC,HAM,2010-02-22 00:00:00,65,60,70
Hamilton Academical FC,HAM,2011-02-22 00:00:00,47,46,52
Hamilton Academical FC,HAM,2015-09-10 00:00:00,48,55,52
Hannover 96,HAN,2010-02-22 00:00:00,70,70,70
Hannover 96,HAN,2011-02-22 00:00:00,37,39,53
Hannover 96,HAN,2012-02-22 00:00:00,45,39,47
Hannover 96,HAN,2013-09-20 00:00:00,48,39,47
Hannover 96,HAN,2014-09-19 00:00:00,48,37,56
Hannover 96,HAN,2015-09-10 00:00:00,50,35,61
Heart of Midlothian,HEA,2010-02-22 00:00:00,70,60,70
Heart of Midlothian,HEA,2011-02-22 00:00:00,68,56,66
Heart of Midlothian,HEA,2012-02-22 00:00:00,52,50,57
Heart of Midlothian,HEA,2013-09-20 00:00:00,53,52,57
Heart of Midlothian,HEA,2014-09-19 00:00:00,52,49,57
Heracles Almelo,HER,2010-02-22 00:00:00,30,30,30
Heracles Almelo,HER,2011-02-22 00:00:00,66,36,34
Heracles Almelo,HER,2012-02-22 00:00:00,43,33,47
Heracles Almelo,HER,2013-09-20 00:00:00,43,47,47
Heracles Almelo,HER,2014-09-19 00:00:00,62,60,47
Heracles Almelo,HER,2015-09-10 00:00:00,62,60,47
Hércules Club de Fútbol,HER,2010-02-22 00:00:00,35,35,50
Hércules Club de Fútbol,HER,2011-02-22 00:00:00,58,48,53
Hércules Club de Fútbol,HER,2012-02-22 00:00:00,52,50,58
Hércules Club de Fútbol,HER,2013-09-20 00:00:00,52,50,58
Hércules Club de Fútbol,HER,2014-09-19 00:00:00,52,50,58
Hertha BSC Berlin,HBE,2010-02-22 00:00:00,30,55,55
Hertha BSC Berlin,HBE,2011-02-22 00:00:00,43,50,55
Hertha BSC Berlin,HBE,2012-02-22 00:00:00,50,50,55
Hertha BSC Berlin,HBE,2013-09-20 00:00:00,38,50,55
Hertha BSC Berlin,HBE,2014-09-19 00:00:00,60,41,51
Hertha BSC Berlin,HBE,2015-09-10 00:00:00,45,50,57
Hibernian,HIB,2010-02-22 00:00:00,70,60,70
Hibernian,HIB,2011-02-22 00:00:00,47,47,51
Hibernian,HIB,2012-02-22 00:00:00,40,42,40
Hibernian,HIB,2013-09-20 00:00:00,46,47,60
Hibernian,HIB,2014-09-19 00:00:00,41,43,40
TSG 1899 Hoffenheim,HOF,2010-02-22 00:00:00,70,65,65
TSG 1899 Hoffenheim,HOF,2011-02-22 00:00:00,50,68,52
TSG 1899 Hoffenheim,HOF,2012-02-22 00:00:00,59,47,40
TSG 1899 Hoffenheim,HOF,2013-09-20 00:00:00,52,47,45
TSG 1899 Hoffenheim,HOF,2014-09-19 00:00:00,57,56,54
TSG 1899 Hoffenheim,HOF,2015-09-10 00:00:00,61,63,38
Hull City,HUL,2010-02-22 00:00:00,70,70,70
Hull City,HUL,2011-02-22 00:00:00,46,46,67
Hull City,HUL,2012-02-22 00:00:00,42,38,46
Hull City,HUL,2013-09-20 00:00:00,37,34,46
Hull City,HUL,2014-09-19 00:00:00,37,38,46
Hull City,HUL,2015-09-10 00:00:00,37,38,46
FC Ingolstadt 04,ING,2011-02-22 00:00:00,50,37,53
FC Ingolstadt 04,ING,2012-02-22 00:00:00,42,33,49
FC Ingolstadt 04,ING,2013-09-20 00:00:00,42,33,49
FC Ingolstadt 04,ING,2014-09-19 00:00:00,36,42,49
FC Ingolstadt 04,ING,2015-09-10 00:00:00,48,37,49
Inter,INT,2010-02-22 00:00:00,60,50,55
Inter,INT,2011-02-22 00:00:00,60,50,55
Inter,INT,2012-02-22 00:00:00,55,35,35
Inter,INT,2013-09-20 00:00:00,57,36,38
Inter,INT,2014-09-19 00:00:00,57,23,34
Inter,INT,2015-09-10 00:00:00,49,47,63
Inverness Caledonian Thistle,INV,2011-02-22 00:00:00,57,37,36
Inverness Caledonian Thistle,INV,2012-02-22 00:00:00,40,40,46
Inverness Caledonian Thistle,INV,2013-09-20 00:00:00,46,47,46
Inverness Caledonian Thistle,INV,2014-09-19 00:00:00,41,43,46
Inverness Caledonian Thistle,INV,2015-09-10 00:00:00,44,44,51
Jagiellonia Białystok,BIA,2010-02-22 00:00:00,70,70,70
Jagiellonia Białystok,BIA,2011-02-22 00:00:00,56,32,52
Jagiellonia Białystok,BIA,2012-02-22 00:00:00,50,40,51
Jagiellonia Białystok,BIA,2013-09-20 00:00:00,50,40,51
Jagiellonia Białystok,BIA,2014-09-19 00:00:00,56,57,49
Jagiellonia Białystok,BIA,2015-09-10 00:00:00,56,57,49
Juventus,JUV,2010-02-22 00:00:00,35,50,70
Juventus,JUV,2011-02-22 00:00:00,55,55,35
Juventus,JUV,2012-02-22 00:00:00,55,35,35
Juventus,JUV,2013-09-20 00:00:00,67,66,36
Juventus,JUV,2014-09-19 00:00:00,67,23,36
Juventus,JUV,2015-09-10 00:00:00,65,35,35
1. FC Kaiserslautern,KAI,2010-02-22 00:00:00,70,70,70
1. FC Kaiserslautern,KAI,2011-02-22 00:00:00,48,38,53
1. FC Kaiserslautern,KAI,2012-02-22 00:00:00,51,37,53
1. FC Kaiserslautern,KAI,2013-09-20 00:00:00,50,48,53
1. FC Kaiserslautern,KAI,2014-09-19 00:00:00,47,47,49
1. FC Kaiserslautern,KAI,2015-09-10 00:00:00,51,41,53
Karlsruher SC,KAR,2010-02-22 00:00:00,40,65,65
Karlsruher SC,KAR,2011-02-22 00:00:00,46,52,47
Karlsruher SC,KAR,2012-02-22 00:00:00,46,34,39
Karlsruher SC,KAR,2014-09-19 00:00:00,46,32,37
Karlsruher SC,KAR,2015-09-10 00:00:00,46,34,39
Kilmarnock,KIL,2010-02-22 00:00:00,70,60,70
Kilmarnock,KIL,2011-02-22 00:00:00,43,48,48
Kilmarnock,KIL,2012-02-22 00:00:00,43,43,52
Kilmarnock,KIL,2013-09-20 00:00:00,49,47,52
Kilmarnock,KIL,2014-09-19 00:00:00,44,44,52
Kilmarnock,KIL,2015-09-10 00:00:00,46,46,52
Korona Kielce,KKI,2010-02-22 00:00:00,70,50,50
Korona Kielce,KKI,2011-02-22 00:00:00,48,57,67
Korona Kielce,KKI,2012-02-22 00:00:00,43,58,65
Korona Kielce,KKI,2013-09-20 00:00:00,43,58,60
Korona Kielce,KKI,2014-09-19 00:00:00,43,30,62
Korona Kielce,KKI,2015-09-10 00:00:00,43,30,62
KV Kortrijk,KOR,2010-02-22 00:00:00,60,60,65
KV Kortrijk,KOR,2011-02-22 00:00:00,57,34,47
KV Kortrijk,KOR,2012-02-22 00:00:00,45,46,52
KV Kortrijk,KOR,2013-09-20 00:00:00,45,46,52
KV Kortrijk,KOR,2014-09-19 00:00:00,45,46,52
KV Kortrijk,KOR,2015-09-10 00:00:00,45,46,52
KV Mechelen,MEC,2010-02-22 00:00:00,70,60,60
KV Mechelen,MEC,2011-02-22 00:00:00,61,48,48
KV Mechelen,MEC,2012-02-22 00:00:00,60,52,48
KV Mechelen,MEC,2013-09-20 00:00:00,60,42,52
KV Mechelen,MEC,2014-09-19 00:00:00,51,42,52
KV Mechelen,MEC,2015-09-10 00:00:00,51,42,52
UD Las Palmas,LAS,2010-02-22 00:00:00,45,35,45
UD Las Palmas,LAS,2011-02-22 00:00:00,56,48,67
UD Las Palmas,LAS,2012-02-22 00:00:00,39,53,57
UD Las Palmas,LAS,2013-09-20 00:00:00,39,53,57
UD Las Palmas,LAS,2014-09-19 00:00:00,39,53,57
UD Las Palmas,LAS,2015-09-10 00:00:00,39,53,57
FC Lausanne-Sports,LAU,2010-02-22 00:00:00,60,55,50
FC Lausanne-Sports,LAU,2012-02-22 00:00:00,43,43,55
FC Lausanne-Sports,LAU,2013-09-20 00:00:00,43,43,55
FC Lausanne-Sports,LAU,2014-09-19 00:00:00,44,46,55
Lazio,LAZ,2010-02-22 00:00:00,50,55,70
Lazio,LAZ,2011-02-22 00:00:00,50,45,35
Lazio,LAZ,2012-02-22 00:00:00,45,35,50
Lazio,LAZ,2013-09-20 00:00:00,53,59,54
Lazio,LAZ,2014-09-19 00:00:00,53,59,54
Lazio,LAZ,2015-09-10 00:00:00,66,59,65
Le Havre AC,LEH,2010-02-22 00:00:00,70,30,30
Le Havre AC,LEH,2011-02-22 00:00:00,45,45,65
Le Havre AC,LEH,2012-02-22 00:00:00,55,47,66
Le Havre AC,LEH,2013-09-20 00:00:00,55,47,52
Le Havre AC,LEH,2014-09-19 00:00:00,55,47,52
Le Havre AC,LEH,2015-09-10 00:00:00,55,47,52
Le Mans FC,LEM,2010-02-22 00:00:00,60,70,70
Le Mans FC,LEM,2011-02-22 00:00:00,55,60,35
Le Mans FC,LEM,2012-02-22 00:00:00,44,47,51
Le Mans FC,LEM,2013-09-20 00:00:00,44,47,51
Lecce,LEC,2010-02-22 00:00:00,70,30,65
Lecce,LEC,2011-02-22 00:00:00,55,30,65
Lecce,LEC,2012-02-22 00:00:00,55,35,50
Lech Poznań,POZ,2010-02-22 00:00:00,55,60,45
Lech Poznań,POZ,2011-02-22 00:00:00,37,59,48
Lech Poznań,POZ,2012-02-22 00:00:00,47,47,63
Lech Poznań,POZ,2013-09-20 00:00:00,47,47,63
Lech Poznań,POZ,2014-09-19 00:00:00,47,47,63
Lech Poznań,POZ,2015-09-10 00:00:00,58,50,45
Lechia Gdańsk,LGD,2010-02-22 00:00:00,70,70,65
Lechia Gdańsk,LGD,2011-02-22 00:00:00,60,46,47
Lechia Gdańsk,LGD,2012-02-22 00:00:00,48,49,65
Lechia Gdańsk,LGD,2013-09-20 00:00:00,59,49,60
Lechia Gdańsk,LGD,2014-09-19 00:00:00,58,37,63
Lechia Gdańsk,LGD,2015-09-10 00:00:00,58,51,40
Legia Warszawa,LEG,2010-02-22 00:00:00,70,65,60
Legia Warszawa,LEG,2011-02-22 00:00:00,48,59,66
Legia Warszawa,LEG,2012-02-22 00:00:00,49,59,67
Legia Warszawa,LEG,2013-09-20 00:00:00,49,59,63
Legia Warszawa,LEG,2014-09-19 00:00:00,46,47,66
Legia Warszawa,LEG,2015-09-10 00:00:00,60,50,58
Leicester City,LEI,2010-02-22 00:00:00,70,70,70
Leicester City,LEI,2011-02-22 00:00:00,34,51,48
Leicester City,LEI,2012-02-22 00:00:00,52,48,54
Leicester City,LEI,2013-09-20 00:00:00,52,48,54
Leicester City,LEI,2014-09-19 00:00:00,62,58,54
Leicester City,LEI,2015-09-10 00:00:00,65,58,55
Leixões SC,LEI,2010-02-22 00:00:00,30,30,30
RC Lens,LEN,2010-02-22 00:00:00,60,70,70
RC Lens,LEN,2011-02-22 00:00:00,55,45,50
RC Lens,LEN,2012-02-22 00:00:00,44,46,49
RC Lens,LEN,2013-09-20 00:00:00,44,42,49
RC Lens,LEN,2014-09-19 00:00:00,44,46,49
RC Lens,LEN,2015-09-10 00:00:00,44,46,49
Levante UD,LEV,2010-02-22 00:00:00,35,30,50
Levante UD,LEV,2011-02-22 00:00:00,47,37,54
Levante UD,LEV,2012-02-22 00:00:00,52,47,56
Levante UD,LEV,2013-09-20 00:00:00,52,47,56
Levante UD,LEV,2014-09-19 00:00:00,52,47,56
Levante UD,LEV,2015-09-10 00:00:00,33,36,42
Lierse SK,LIE,2011-02-22 00:00:00,48,46,45
Lierse SK,LIE,2012-02-22 00:00:00,49,45,65
Lierse SK,LIE,2013-09-20 00:00:00,49,38,65
Lierse SK,LIE,2014-09-19 00:00:00,49,38,65
Lierse SK,LIE,2015-09-10 00:00:00,49,38,65
LOSC Lille,LIL,2010-02-22 00:00:00,70,55,55
LOSC Lille,LIL,2011-02-22 00:00:00,55,55,35
LOSC Lille,LIL,2012-02-22 00:00:00,56,58,48
LOSC Lille,LIL,2013-09-20 00:00:00,42,47,48
LOSC Lille,LIL,2014-09-19 00:00:00,42,59,48
LOSC Lille,LIL,2015-09-10 00:00:00,42,59,48
Liverpool,LIV,2010-02-22 00:00:00,60,40,40
Liverpool,LIV,2011-02-22 00:00:00,55,55,50
Liverpool,LIV,2012-02-22 00:00:00,48,50,62
Liverpool,LIV,2013-09-20 00:00:00,52,59,61
Liverpool,LIV,2014-09-19 00:00:00,48,51,62
Liverpool,LIV,2015-09-10 00:00:00,52,51,61
Livorno,LIV,2010-02-22 00:00:00,30,30,30
Livorno,LIV,2011-02-22 00:00:00,60,45,30
Livorno,LIV,2012-02-22 00:00:00,45,35,35
Livorno,LIV,2013-09-20 00:00:00,49,58,56
Livorno,LIV,2014-09-19 00:00:00,57,29,32
Livorno,LIV,2015-09-10 00:00:00,57,31,38
Widzew Łódź,LOD,2011-02-22 00:00:00,58,37,63
Widzew Łódź,LOD,2012-02-22 00:00:00,32,32,62
Widzew Łódź,LOD,2013-09-20 00:00:00,43,32,46
Widzew Łódź,LOD,2014-09-19 00:00:00,38,36,65
Sporting Lokeren,LOK,2010-02-22 00:00:00,65,65,70
Sporting Lokeren,LOK,2011-02-22 00:00:00,58,48,55
Sporting Lokeren,LOK,2012-02-22 00:00:00,52,45,52
Sporting Lokeren,LOK,2013-09-20 00:00:00,52,45,52
Sporting Lokeren,LOK,2014-09-19 00:00:00,52,45,52
Sporting Lokeren,LOK,2015-09-10 00:00:00,52,45,52
FC Lorient,LOR,2010-02-22 00:00:00,60,70,70
FC Lorient,LOR,2011-02-22 00:00:00,35,55,65
FC Lorient,LOR,2012-02-22 00:00:00,47,43,48
FC Lorient,LOR,2013-09-20 00:00:00,47,43,48
FC Lorient,LOR,2014-09-19 00:00:00,47,43,48
FC Lorient,LOR,2015-09-10 00:00:00,56,51,55
FC Luzern,LUZ,2010-02-22 00:00:00,45,40,50
FC Luzern,LUZ,2011-02-22 00:00:00,45,56,52
FC Luzern,LUZ,2012-02-22 00:00:00,47,48,50
FC Luzern,LUZ,2013-09-20 00:00:00,47,48,50
FC Luzern,LUZ,2014-09-19 00:00:00,53,48,50
FC Luzern,LUZ,2015-09-10 00:00:00,53,48,50
Olympique Lyonnais,LYO,2010-02-22 00:00:00,60,70,70
Olympique Lyonnais,LYO,2011-02-22 00:00:00,45,45,65
Olympique Lyonnais,LYO,2012-02-22 00:00:00,47,46,47
Olympique Lyonnais,LYO,2013-09-20 00:00:00,47,46,47
Olympique Lyonnais,LYO,2014-09-19 00:00:00,47,46,47
Olympique Lyonnais,LYO,2015-09-10 00:00:00,47,46,47
1. FSV Mainz 05,MAI,2010-02-22 00:00:00,70,50,50
1. FSV Mainz 05,MAI,2011-02-22 00:00:00,53,57,43
1. FSV Mainz 05,MAI,2012-02-22 00:00:00,65,52,53
1. FSV Mainz 05,MAI,2013-09-20 00:00:00,65,48,53
1. FSV Mainz 05,MAI,2014-09-19 00:00:00,60,53,52
1. FSV Mainz 05,MAI,2015-09-10 00:00:00,62,55,47
Málaga CF,MAL,2010-02-22 00:00:00,65,45,45
Málaga CF,MAL,2011-02-22 00:00:00,47,45,54
Málaga CF,MAL,2012-02-22 00:00:00,58,64,42
Málaga CF,MAL,2013-09-20 00:00:00,58,64,42
Málaga CF,MAL,2014-09-19 00:00:00,58,64,42
Málaga CF,MAL,2015-09-10 00:00:00,37,47,52
RCD Mallorca,MAL,2010-02-22 00:00:00,40,45,45
RCD Mallorca,MAL,2011-02-22 00:00:00,48,47,55
RCD Mallorca,MAL,2012-02-22 00:00:00,41,59,56
RCD Mallorca,MAL,2013-09-20 00:00:00,41,59,56
RCD Mallorca,MAL,2014-09-19 00:00:00,41,59,56
RCD Mallorca,MAL,2015-09-10 00:00:00,41,59,56
Manchester City,MCI,2010-02-22 00:00:00,55,45,45
Manchester City,MCI,2011-02-22 00:00:00,65,65,50
Manchester City,MCI,2012-02-22 00:00:00,60,50,54
Manchester City,MCI,2013-09-20 00:00:00,44,42,54
Manchester City,MCI,2014-09-19 00:00:00,44,42,54
Manchester City,MCI,2015-09-10 00:00:00,47,48,54
Manchester United,MUN,2010-02-22 00:00:00,50,40,40
Manchester United,MUN,2011-02-22 00:00:00,45,45,65
Manchester United,MUN,2012-02-22 00:00:00,50,40,56
Manchester United,MUN,2013-09-20 00:00:00,49,49,56
Manchester United,MUN,2014-09-19 00:00:00,41,42,56
Manchester United,MUN,2015-09-10 00:00:00,53,54,56
CS Marítimo,MAR,2010-02-22 00:00:00,30,30,30
CS Marítimo,MAR,2011-02-22 00:00:00,45,49,50
CS Marítimo,MAR,2012-02-22 00:00:00,49,38,46
CS Marítimo,MAR,2013-09-20 00:00:00,49,38,46
CS Marítimo,MAR,2014-09-19 00:00:00,45,37,44
CS Marítimo,MAR,2015-09-10 00:00:00,49,38,46
Olympique de Marseille,MAR,2010-02-22 00:00:00,70,65,65
Olympique de Marseille,MAR,2011-02-22 00:00:00,55,55,65
Olympique de Marseille,MAR,2012-02-22 00:00:00,48,44,51
Olympique de Marseille,MAR,2013-09-20 00:00:00,48,44,54
Olympique de Marseille,MAR,2014-09-19 00:00:00,48,48,60
Olympique de Marseille,MAR,2015-09-10 00:00:00,48,48,60
FC Metz,MET,2010-02-22 00:00:00,50,30,30
FC Metz,MET,2011-02-22 00:00:00,35,35,65
FC Metz,MET,2012-02-22 00:00:00,47,46,50
FC Metz,MET,2014-09-19 00:00:00,54,46,50
FC Metz,MET,2015-09-10 00:00:00,46,39,42
Middlesbrough,MID,2010-02-22 00:00:00,70,30,30
Middlesbrough,MID,2011-02-22 00:00:00,44,54,49
Middlesbrough,MID,2012-02-22 00:00:00,42,38,42
Middlesbrough,MID,2013-09-20 00:00:00,42,38,52
Middlesbrough,MID,2014-09-19 00:00:00,42,38,42
Middlesbrough,MID,2015-09-10 00:00:00,42,38,42
AS Monaco,MON,2010-02-22 00:00:00,65,70,70
AS Monaco,MON,2011-02-22 00:00:00,55,35,50
AS Monaco,MON,2012-02-22 00:00:00,34,35,51
AS Monaco,MON,2013-09-20 00:00:00,34,35,51
AS Monaco,MON,2014-09-19 00:00:00,34,35,51
AS Monaco,MON,2015-09-10 00:00:00,62,56,51
RAEC Mons,MON,2012-02-22 00:00:00,45,46,47
RAEC Mons,MON,2013-09-20 00:00:00,45,46,47
RAEC Mons,MON,2014-09-19 00:00:00,45,46,47
Montpellier Hérault SC,MON,2010-02-22 00:00:00,70,70,70
Montpellier Hérault SC,MON,2011-02-22 00:00:00,55,35,65
Montpellier Hérault SC,MON,2012-02-22 00:00:00,43,34,37
Montpellier Hérault SC,MON,2013-09-20 00:00:00,43,34,37
Montpellier Hérault SC,MON,2014-09-19 00:00:00,56,53,48
Montpellier Hérault SC,MON,2015-09-10 00:00:00,56,53,48
Moreirense FC,MOR,2013-09-20 00:00:00,46,44,48
Moreirense FC,MOR,2015-09-10 00:00:00,46,44,48
Motherwell,MOT,2010-02-22 00:00:00,70,60,70
Motherwell,MOT,2011-02-22 00:00:00,46,47,48
Motherwell,MOT,2012-02-22 00:00:00,42,38,62
Motherwell,MOT,2013-09-20 00:00:00,43,39,64
Motherwell,MOT,2014-09-19 00:00:00,43,41,62
Motherwell,MOT,2015-09-10 00:00:00,44,37,51
Royal Excel Mouscron,MOP,2015-09-10 00:00:00,45,45,50
Royal Excel Mouscron,MOU,2015-09-10 00:00:00,45,45,50
Royal Excel Mouscron,MOU,2015-09-10 00:00:00,45,45,50
NAC Breda,NAC,2010-02-22 00:00:00,30,30,30
NAC Breda,NAC,2011-02-22 00:00:00,47,42,54
NAC Breda,NAC,2012-02-22 00:00:00,48,43,50
NAC Breda,NAC,2013-09-20 00:00:00,48,43,50
NAC Breda,NAC,2014-09-19 00:00:00,39,43,50
NAC Breda,NAC,2015-09-10 00:00:00,39,36,40
CD Nacional,NAC,2010-02-22 00:00:00,30,30,30
CD Nacional,NAC,2011-02-22 00:00:00,55,35,48
CD Nacional,NAC,2012-02-22 00:00:00,50,49,57
CD Nacional,NAC,2013-09-20 00:00:00,50,49,57
CD Nacional,NAC,2014-09-19 00:00:00,42,42,57
CD Nacional,NAC,2015-09-10 00:00:00,42,42,57
AS Nancy-Lorraine,NAN,2010-02-22 00:00:00,70,70,70
AS Nancy-Lorraine,NAN,2011-02-22 00:00:00,55,35,50
AS Nancy-Lorraine,NAN,2012-02-22 00:00:00,46,43,50
AS Nancy-Lorraine,NAN,2013-09-20 00:00:00,46,43,50
AS Nancy-Lorraine,NAN,2014-09-19 00:00:00,46,43,50
AS Nancy-Lorraine,NAN,2015-09-10 00:00:00,46,43,50
FC Nantes,NAN,2010-02-22 00:00:00,45,30,30
FC Nantes,NAN,2011-02-22 00:00:00,55,45,50
FC Nantes,NAN,2012-02-22 00:00:00,43,47,50
FC Nantes,NAN,2013-09-20 00:00:00,51,47,54
FC Nantes,NAN,2014-09-19 00:00:00,51,47,54
FC Nantes,NAN,2015-09-10 00:00:00,41,39,52
Naval 1° de Maio,NAV,2010-02-22 00:00:00,30,30,30
Naval 1° de Maio,NAV,2011-02-22 00:00:00,41,45,35
N.E.C.,NEC,2010-02-22 00:00:00,30,30,30
N.E.C.,NEC,2011-02-22 00:00:00,54,33,31
N.E.C.,NEC,2012-02-22 00:00:00,48,45,53
N.E.C.,NEC,2013-09-20 00:00:00,48,45,53
N.E.C.,NEC,2014-09-19 00:00:00,48,40,53
Newcastle United,NEW,2010-02-22 00:00:00,65,45,45
Newcastle United,NEW,2011-02-22 00:00:00,45,45,50
Newcastle United,NEW,2012-02-22 00:00:00,48,52,42
Newcastle United,NEW,2013-09-20 00:00:00,39,41,51
Newcastle United,NEW,2014-09-19 00:00:00,54,56,51
Newcastle United,NEW,2015-09-10 00:00:00,39,41,51
OGC Nice,NIC,2010-02-22 00:00:00,70,70,70
OGC Nice,NIC,2011-02-22 00:00:00,45,45,35
OGC Nice,NIC,2012-02-22 00:00:00,47,26,64
OGC Nice,NIC,2013-09-20 00:00:00,47,56,64
OGC Nice,NIC,2014-09-19 00:00:00,47,56,64
OGC Nice,NIC,2015-09-10 00:00:00,47,57,61
Norwich City,NOR,2010-02-22 00:00:00,70,60,70
Norwich City,NOR,2011-02-22 00:00:00,54,34,48
Norwich City,NOR,2012-02-22 00:00:00,50,40,42
Norwich City,NOR,2013-09-20 00:00:00,43,40,53
Norwich City,NOR,2014-09-19 00:00:00,43,40,51
Norwich City,NOR,2015-09-10 00:00:00,39,38,51
Novara,NOV,2011-02-22 00:00:00,51,60,40
Novara,NOV,2012-02-22 00:00:00,45,35,50
Novara,NOV,2013-09-20 00:00:00,49,36,62
Novara,NOV,2014-09-19 00:00:00,49,36,53
1. FC Nürnberg,NUR,2010-02-22 00:00:00,55,55,40
1. FC Nürnberg,NUR,2011-02-22 00:00:00,61,55,46
1. FC Nürnberg,NUR,2012-02-22 00:00:00,40,30,43
1. FC Nürnberg,NUR,2013-09-20 00:00:00,57,39,44
1. FC Nürnberg,NUR,2014-09-19 00:00:00,50,51,47
1. FC Nürnberg,NUR,2015-09-10 00:00:00,40,30,44
CD Numancia,NUM,2010-02-22 00:00:00,55,30,55
CD Numancia,NUM,2011-02-22 00:00:00,49,40,55
CD Numancia,NUM,2012-02-22 00:00:00,46,50,62
CD Numancia,NUM,2013-09-20 00:00:00,46,50,62
CD Numancia,NUM,2014-09-19 00:00:00,46,50,62
CD Numancia,NUM,2015-09-10 00:00:00,46,50,62
Odra Wodzisław,ODR,2010-02-22 00:00:00,70,70,65
S.C. Olhanense,OLH,2010-02-22 00:00:00,45,50,60
S.C. Olhanense,OLH,2011-02-22 00:00:00,45,50,35
S.C. Olhanense,OLH,2012-02-22 00:00:00,24,37,44
S.C. Olhanense,OLH,2013-09-20 00:00:00,31,37,44
S.C. Olhanense,OLH,2014-09-19 00:00:00,24,37,44
KV Oostende,OOS,2014-09-19 00:00:00,47,42,44
KV Oostende,OOS,2015-09-10 00:00:00,47,42,44
CA Osasuna,OSA,2010-02-22 00:00:00,65,30,55
CA Osasuna,OSA,2011-02-22 00:00:00,61,48,68
CA Osasuna,OSA,2012-02-22 00:00:00,52,47,69
CA Osasuna,OSA,2013-09-20 00:00:00,52,47,69
CA Osasuna,OSA,2014-09-19 00:00:00,52,47,65
CA Osasuna,OSA,2015-09-10 00:00:00,52,47,69
Oud-Heverlee Leuven,O-H,2012-02-22 00:00:00,44,43,50
Oud-Heverlee Leuven,O-H,2013-09-20 00:00:00,44,43,50
Oud-Heverlee Leuven,O-H,2014-09-19 00:00:00,44,43,50
FC Paços de Ferreira,FER,2010-02-22 00:00:00,30,30,30
FC Paços de Ferreira,FER,2011-02-22 00:00:00,55,45,50
FC Paços de Ferreira,FER,2012-02-22 00:00:00,39,36,68
FC Paços de Ferreira,FER,2013-09-20 00:00:00,39,36,64
FC Paços de Ferreira,FER,2014-09-19 00:00:00,39,36,64
FC Paços de Ferreira,FER,2015-09-10 00:00:00,39,36,64
SC Paderborn 07,PAD,2010-02-22 00:00:00,48,30,30
SC Paderborn 07,PAD,2011-02-22 00:00:00,48,36,40
SC Paderborn 07,PAD,2012-02-22 00:00:00,52,33,53
SC Paderborn 07,PAD,2013-09-20 00:00:00,52,40,53
SC Paderborn 07,PAD,2014-09-19 00:00:00,55,33,53
SC Paderborn 07,PAD,2015-09-10 00:00:00,29,25,54
Palermo,PAL,2010-02-22 00:00:00,40,45,60
Palermo,PAL,2011-02-22 00:00:00,45,35,50
Palermo,PAL,2012-02-22 00:00:00,45,45,50
Palermo,PAL,2013-09-20 00:00:00,42,43,48
Palermo,PAL,2014-09-19 00:00:00,42,43,48
Palermo,PAL,2015-09-10 00:00:00,58,44,50
Paris Saint-Germain,PSG,2010-02-22 00:00:00,70,70,70
Paris Saint-Germain,PSG,2011-02-22 00:00:00,55,45,65
Paris Saint-Germain,PSG,2012-02-22 00:00:00,46,49,52
Paris Saint-Germain,PSG,2013-09-20 00:00:00,46,49,52
Paris Saint-Germain,PSG,2014-09-19 00:00:00,53,57,56
Paris Saint-Germain,PSG,2015-09-10 00:00:00,53,57,56
Parma,PAR,2010-02-22 00:00:00,30,45,70
Parma,PAR,2011-02-22 00:00:00,47,45,50
Parma,PAR,2012-02-22 00:00:00,45,45,50
Parma,PAR,2013-09-20 00:00:00,43,39,46
Parma,PAR,2014-09-19 00:00:00,66,54,46
Parma,PAR,2015-09-10 00:00:00,43,43,46
Partick Thistle F.C.,PAR,2014-09-19 00:00:00,44,47,52
Partick Thistle F.C.,PAR,2015-09-10 00:00:00,46,46,49
PEC Zwolle,ZWO,2013-09-20 00:00:00,44,46,51
PEC Zwolle,ZWO,2014-09-19 00:00:00,60,58,63
PEC Zwolle,ZWO,2015-09-10 00:00:00,60,58,63
FC Penafiel,PEN,2015-09-10 00:00:00,35,40,46
Pescara,PES,2011-02-22 00:00:00,60,35,50
Pescara,PES,2012-02-22 00:00:00,45,45,35
Pescara,PES,2013-09-20 00:00:00,48,44,48
Pescara,PES,2014-09-19 00:00:00,46,26,48
Pescara,PES,2015-09-10 00:00:00,46,39,43
Piast Gliwice,PIG,2010-02-22 00:00:00,70,65,60
Piast Gliwice,PIG,2013-09-20 00:00:00,45,32,48
Piast Gliwice,PIG,2014-09-19 00:00:00,45,36,48
Piast Gliwice,PIG,2015-09-10 00:00:00,45,36,48
Podbeskidzie Bielsko-Biała,POD,2012-02-22 00:00:00,57,47,48
Podbeskidzie Bielsko-Biała,POD,2013-09-20 00:00:00,57,47,48
Podbeskidzie Bielsko-Biała,POD,2014-09-19 00:00:00,35,29,38
Podbeskidzie Bielsko-Biała,POD,2015-09-10 00:00:00,35,29,38
Pogoń Szczecin,POG,2013-09-20 00:00:00,47,47,63
Pogoń Szczecin,POG,2014-09-19 00:00:00,60,50,47
Pogoń Szczecin,POG,2015-09-10 00:00:00,54,57,47
Polonia Bytom,POB,2010-02-22 00:00:00,70,60,55
Polonia Bytom,POB,2011-02-22 00:00:00,54,53,55
P. Warszawa,PWA,2010-02-22 00:00:00,65,55,55
P. Warszawa,PWA,2011-02-22 00:00:00,34,55,51
P. Warszawa,PWA,2012-02-22 00:00:00,32,31,50
P. Warszawa,PWA,2013-09-20 00:00:00,32,57,50
Portsmouth,POR,2010-02-22 00:00:00,70,40,40
Portsmouth,POR,2011-02-22 00:00:00,44,36,48
Portsmouth,POR,2012-02-22 00:00:00,51,49,44
Portsmouth,POR,2013-09-20 00:00:00,51,49,44
Portsmouth,POR,2014-09-19 00:00:00,40,39,44
Portsmouth,POR,2015-09-10 00:00:00,40,39,44
PSV,PSV,2010-02-22 00:00:00,30,30,30
PSV,PSV,2011-02-22 00:00:00,37,57,64
PSV,PSV,2012-02-22 00:00:00,30,43,48
PSV,PSV,2013-09-20 00:00:00,50,43,48
PSV,PSV,2014-09-19 00:00:00,62,50,55
PSV,PSV,2015-09-10 00:00:00,40,40,48
Queens Park Rangers,QPR,2010-02-22 00:00:00,70,70,70
Queens Park Rangers,QPR,2011-02-22 00:00:00,43,44,40
Queens Park Rangers,QPR,2012-02-22 00:00:00,51,42,44
Queens Park Rangers,QPR,2013-09-20 00:00:00,47,49,44
Queens Park Rangers,QPR,2014-09-19 00:00:00,44,50,54
Queens Park Rangers,QPR,2015-09-10 00:00:00,44,50,54
Racing Santander,SAN,2010-02-22 00:00:00,55,45,50
Racing Santander,SAN,2011-02-22 00:00:00,37,47,53
Racing Santander,SAN,2012-02-22 00:00:00,50,50,68
Racing Santander,SAN,2013-09-20 00:00:00,50,50,68
Racing Santander,SAN,2015-09-10 00:00:00,47,51,53
Rangers,RAN,2010-02-22 00:00:00,70,60,70
Rangers,RAN,2011-02-22 00:00:00,47,46,51
Rangers,RAN,2012-02-22 00:00:00,48,48,62
Rangers,RAN,2013-09-20 00:00:00,48,48,52
Rangers,RAN,2014-09-19 00:00:00,48,48,62
Rangers,RAN,2015-09-10 00:00:00,48,48,55
Rayo Vallecano,RAY,2010-02-22 00:00:00,50,30,40
Rayo Vallecano,RAY,2011-02-22 00:00:00,52,58,68
Rayo Vallecano,RAY,2012-02-22 00:00:00,51,63,59
Rayo Vallecano,RAY,2013-09-20 00:00:00,51,63,59
Rayo Vallecano,RAY,2014-09-19 00:00:00,51,63,59
Rayo Vallecano,RAY,2015-09-10 00:00:00,52,54,63
Reading,REA,2010-02-22 00:00:00,60,70,70
Reading,REA,2011-02-22 00:00:00,31,49,67
Reading,REA,2012-02-22 00:00:00,51,49,45
Reading,REA,2013-09-20 00:00:00,44,39,52
Reading,REA,2014-09-19 00:00:00,52,58,52
Reading,REA,2015-09-10 00:00:00,47,51,52
Real Betis Balompié,BET,2010-02-22 00:00:00,45,50,55
Real Betis Balompié,BET,2011-02-22 00:00:00,40,42,53
Real Betis Balompié,BET,2012-02-22 00:00:00,49,58,58
Real Betis Balompié,BET,2013-09-20 00:00:00,49,58,58
Real Betis Balompié,BET,2014-09-19 00:00:00,49,58,58
Real Betis Balompié,BET,2015-09-10 00:00:00,49,58,58
Real Madrid CF,REA,2010-02-22 00:00:00,40,65,65
Real Madrid CF,REA,2011-02-22 00:00:00,55,68,55
Real Madrid CF,REA,2012-02-22 00:00:00,60,49,68
Real Madrid CF,REA,2013-09-20 00:00:00,49,39,65
Real Madrid CF,REA,2014-09-19 00:00:00,49,39,65
Real Madrid CF,REA,2015-09-10 00:00:00,60,52,63
Real Sociedad,SOC,2010-02-22 00:00:00,30,45,35
Real Sociedad,SOC,2011-02-22 00:00:00,49,49,51
Real Sociedad,SOC,2012-02-22 00:00:00,53,48,70
Real Sociedad,SOC,2013-09-20 00:00:00,53,48,70
Real Sociedad,SOC,2014-09-19 00:00:00,53,48,65
Real Sociedad,SOC,2015-09-10 00:00:00,53,49,53
RC Recreativo,HUE,2010-02-22 00:00:00,55,35,40
RC Recreativo,HUE,2011-02-22 00:00:00,39,39,66
RC Recreativo,HUE,2012-02-22 00:00:00,49,40,62
RC Recreativo,HUE,2013-09-20 00:00:00,49,40,62
RC Recreativo,HUE,2014-09-19 00:00:00,49,40,62
RC Recreativo,HUE,2015-09-10 00:00:00,49,40,54
Reggio Calabria,REG,2010-02-22 00:00:00,50,40,50
Reggio Calabria,REG,2011-02-22 00:00:00,50,40,50
Reggio Calabria,REG,2012-02-22 00:00:00,45,35,50
Reggio Calabria,REG,2013-09-20 00:00:00,48,38,52
Reggio Calabria,REG,2014-09-19 00:00:00,48,38,52
Stade de Reims,REI,2011-02-22 00:00:00,45,45,50
Stade de Reims,REI,2012-02-22 00:00:00,44,33,50
Stade de Reims,REI,2013-09-20 00:00:00,44,33,50
Stade de Reims,REI,2014-09-19 00:00:00,44,33,50
Stade de Reims,REI,2015-09-10 00:00:00,44,33,50
Stade Rennais FC,REN,2010-02-22 00:00:00,70,70,70
Stade Rennais FC,REN,2011-02-22 00:00:00,45,55,65
Stade Rennais FC,REN,2012-02-22 00:00:00,44,46,51
Stade Rennais FC,REN,2013-09-20 00:00:00,44,46,51
Stade Rennais FC,REN,2014-09-19 00:00:00,44,46,51
Stade Rennais FC,REN,2015-09-10 00:00:00,44,46,51
Rio Ave FC,RA,2010-02-22 00:00:00,30,30,30
Rio Ave FC,RA,2011-02-22 00:00:00,45,45,50
Rio Ave FC,RA,2012-02-22 00:00:00,50,39,42
Rio Ave FC,RA,2013-09-20 00:00:00,50,39,42
Rio Ave FC,RA,2014-09-19 00:00:00,48,39,66
Rio Ave FC,RA,2015-09-10 00:00:00,48,39,66
RKC Waalwijk,RKC,2010-02-22 00:00:00,45,50,55
RKC Waalwijk,RKC,2012-02-22 00:00:00,41,41,43
RKC Waalwijk,RKC,2013-09-20 00:00:00,28,29,36
RKC Waalwijk,RKC,2014-09-19 00:00:00,30,31,38
Siena,SIE,2010-02-22 00:00:00,65,40,55
Siena,SIE,2011-02-22 00:00:00,45,40,55
Siena,SIE,2012-02-22 00:00:00,45,45,50
Siena,SIE,2013-09-20 00:00:00,49,37,51
Siena,SIE,2014-09-19 00:00:00,49,44,51
Roda JC Kerkrade,ROD,2010-02-22 00:00:00,30,30,30
Roda JC Kerkrade,ROD,2011-02-22 00:00:00,57,48,34
Roda JC Kerkrade,ROD,2012-02-22 00:00:00,44,47,50
Roda JC Kerkrade,ROD,2013-09-20 00:00:00,44,47,55
Roda JC Kerkrade,ROD,2014-09-19 00:00:00,37,39,42
KSV Roeselare,ROS,2010-02-22 00:00:00,70,65,70
Roma,ROM,2010-02-22 00:00:00,30,55,70
Roma,ROM,2011-02-22 00:00:00,47,46,50
Roma,ROM,2012-02-22 00:00:00,45,35,50
Roma,ROM,2013-09-20 00:00:00,47,49,53
Roma,ROM,2014-09-19 00:00:00,57,36,34
Roma,ROM,2015-09-10 00:00:00,57,36,48
Ross County FC,ROS,2013-09-20 00:00:00,56,40,47
Ross County FC,ROS,2014-09-19 00:00:00,51,39,44
Ross County FC,ROS,2015-09-10 00:00:00,53,36,34
Ruch Chorzów,CHO,2010-02-22 00:00:00,60,65,50
Ruch Chorzów,CHO,2011-02-22 00:00:00,48,46,50
Ruch Chorzów,CHO,2012-02-22 00:00:00,44,43,49
Ruch Chorzów,CHO,2013-09-20 00:00:00,44,43,49
Ruch Chorzów,CHO,2014-09-19 00:00:00,44,43,49
Ruch Chorzów,CHO,2015-09-10 00:00:00,44,43,49
AS Saint-Étienne,ETI,2010-02-22 00:00:00,30,30,30
AS Saint-Étienne,ETI,2011-02-22 00:00:00,45,35,65
AS Saint-Étienne,ETI,2012-02-22 00:00:00,44,35,50
AS Saint-Étienne,ETI,2013-09-20 00:00:00,44,35,50
AS Saint-Étienne,ETI,2014-09-19 00:00:00,44,35,50
AS Saint-Étienne,ETI,2015-09-10 00:00:00,51,48,49
Sampdoria,SAM,2010-02-22 00:00:00,30,50,55
Sampdoria,SAM,2011-02-22 00:00:00,45,35,55
Sampdoria,SAM,2012-02-22 00:00:00,45,45,50
Sampdoria,SAM,2013-09-20 00:00:00,51,50,53
Sampdoria,SAM,2014-09-19 00:00:00,57,54,64
Sampdoria,SAM,2015-09-10 00:00:00,51,50,53
Sassuolo,SAS,2010-02-22 00:00:00,30,30,30
Sassuolo,SAS,2011-02-22 00:00:00,30,45,30
Sassuolo,SAS,2012-02-22 00:00:00,45,35,50
Sassuolo,SAS,2013-09-20 00:00:00,47,38,53
Sassuolo,SAS,2014-09-19 00:00:00,47,54,36
Sassuolo,SAS,2015-09-10 00:00:00,47,38,53
SC Bastia,BAS,2010-02-22 00:00:00,70,70,70
SC Bastia,BAS,2012-02-22 00:00:00,45,44,50
SC Bastia,BAS,2013-09-20 00:00:00,45,44,50
SC Bastia,BAS,2014-09-19 00:00:00,47,39,48
SC Bastia,BAS,2015-09-10 00:00:00,55,44,48
SC Heerenveen,HEE,2010-02-22 00:00:00,30,30,30
SC Heerenveen,HEE,2011-02-22 00:00:00,60,58,65
SC Heerenveen,HEE,2012-02-22 00:00:00,44,45,48
SC Heerenveen,HEE,2013-09-20 00:00:00,44,46,48
SC Heerenveen,HEE,2014-09-19 00:00:00,44,46,48
SC Heerenveen,HEE,2015-09-10 00:00:00,44,46,48
FC Schalke 04,S04,2010-02-22 00:00:00,45,70,70
FC Schalke 04,S04,2011-02-22 00:00:00,67,37,38
FC Schalke 04,S04,2012-02-22 00:00:00,44,43,53
FC Schalke 04,S04,2013-09-20 00:00:00,58,45,42
FC Schalke 04,S04,2014-09-19 00:00:00,51,51,40
FC Schalke 04,S04,2015-09-10 00:00:00,59,55,56
Servette FC,SER,2010-02-22 00:00:00,60,55,55
Servette FC,SER,2012-02-22 00:00:00,45,49,49
Servette FC,SER,2013-09-20 00:00:00,45,49,49
Sevilla FC,SEV,2010-02-22 00:00:00,70,60,65
Sevilla FC,SEV,2011-02-22 00:00:00,58,57,68
Sevilla FC,SEV,2012-02-22 00:00:00,49,38,55
Sevilla FC,SEV,2013-09-20 00:00:00,49,38,55
Sevilla FC,SEV,2014-09-19 00:00:00,49,38,55
Sevilla FC,SEV,2015-09-10 00:00:00,48,42,59
FC Sion,SIO,2010-02-22 00:00:00,40,35,45
FC Sion,SIO,2011-02-22 00:00:00,43,41,39
FC Sion,SIO,2012-02-22 00:00:00,43,45,54
FC Sion,SIO,2013-09-20 00:00:00,43,45,54
FC Sion,SIO,2014-09-19 00:00:00,47,45,54
FC Sion,SIO,2015-09-10 00:00:00,47,45,54
Śląsk Wrocław,SLA,2010-02-22 00:00:00,70,60,50
Śląsk Wrocław,SLA,2011-02-22 00:00:00,47,48,51
Śląsk Wrocław,SLA,2012-02-22 00:00:00,24,24,39
Śląsk Wrocław,SLA,2013-09-20 00:00:00,30,30,40
Śląsk Wrocław,SLA,2014-09-19 00:00:00,37,37,39
Śląsk Wrocław,SLA,2015-09-10 00:00:00,55,45,39
FC Sochaux-Montbéliard,SOC,2010-02-22 00:00:00,30,65,65
FC Sochaux-Montbéliard,SOC,2011-02-22 00:00:00,55,45,65
FC Sochaux-Montbéliard,SOC,2012-02-22 00:00:00,43,54,49
FC Sochaux-Montbéliard,SOC,2013-09-20 00:00:00,43,54,49
FC Sochaux-Montbéliard,SOC,2014-09-19 00:00:00,43,54,49
FC Sochaux-Montbéliard,SOC,2015-09-10 00:00:00,43,54,49
Southampton,SOU,2010-02-22 00:00:00,70,70,70
Southampton,SOU,2011-02-22 00:00:00,43,43,48
Southampton,SOU,2012-02-22 00:00:00,52,48,44
Southampton,SOU,2013-09-20 00:00:00,63,57,44
Southampton,SOU,2014-09-19 00:00:00,64,62,44
Southampton,SOU,2015-09-10 00:00:00,65,50,44
Sparta Rotterdam,SPA,2010-02-22 00:00:00,30,30,30
Sporting Charleroi,CHA,2010-02-22 00:00:00,70,70,70
Sporting Charleroi,CHA,2011-02-22 00:00:00,58,49,48
Sporting Charleroi,CHA,2013-09-20 00:00:00,48,42,49
Sporting Charleroi,CHA,2014-09-19 00:00:00,48,42,49
Sporting Charleroi,CHA,2015-09-10 00:00:00,48,39,49
Sporting CP,SCP,2010-02-22 00:00:00,30,30,30
Sporting CP,SCP,2011-02-22 00:00:00,45,55,50
Sporting CP,SCP,2012-02-22 00:00:00,49,52,54
Sporting CP,SCP,2013-09-20 00:00:00,49,52,54
Sporting CP,SCP,2014-09-19 00:00:00,60,60,54
Sporting CP,SCP,2015-09-10 00:00:00,60,60,54
Real Sporting de Gijón,SPG,2010-02-22 00:00:00,70,70,55
Real Sporting de Gijón,SPG,2011-02-22 00:00:00,51,58,55
Real Sporting de Gijón,SPG,2012-02-22 00:00:00,60,36,39
Real Sporting de Gijón,SPG,2013-09-20 00:00:00,60,36,39
Real Sporting de Gijón,SPG,2014-09-19 00:00:00,60,36,39
Real Sporting de Gijón,SPG,2015-09-10 00:00:00,54,45,41
Napoli,NAP,2010-02-22 00:00:00,70,50,45
Napoli,NAP,2011-02-22 00:00:00,70,50,45
Napoli,NAP,2012-02-22 00:00:00,55,45,50
Napoli,NAP,2013-09-20 00:00:00,57,44,53
Napoli,NAP,2014-09-19 00:00:00,59,61,39
Napoli,NAP,2015-09-10 00:00:00,57,47,53
FC St. Gallen,GAL,2010-02-22 00:00:00,55,50,50
FC St. Gallen,GAL,2011-02-22 00:00:00,55,49,48
FC St. Gallen,GAL,2013-09-20 00:00:00,41,40,52
FC St. Gallen,GAL,2014-09-19 00:00:00,41,40,52
FC St. Gallen,GAL,2015-09-10 00:00:00,36,40,52
St. Mirren,MIR,2010-02-22 00:00:00,70,60,70
St. Mirren,MIR,2011-02-22 00:00:00,44,43,51
St. Mirren,MIR,2012-02-22 00:00:00,48,50,40
St. Mirren,MIR,2013-09-20 00:00:00,49,53,42
St. Mirren,MIR,2014-09-19 00:00:00,49,50,41
St. Mirren,MIR,2015-09-10 00:00:00,58,60,48
FC St. Pauli,STP,2010-02-22 00:00:00,70,60,55
FC St. Pauli,STP,2011-02-22 00:00:00,60,49,55
FC St. Pauli,STP,2012-02-22 00:00:00,44,49,59
FC St. Pauli,STP,2013-09-20 00:00:00,44,49,57
FC St. Pauli,STP,2014-09-19 00:00:00,44,46,54
FC St. Pauli,STP,2015-09-10 00:00:00,44,39,57
St. Johnstone FC,JOH,2010-02-22 00:00:00,70,30,30
St. Johnstone FC,JOH,2011-02-22 00:00:00,47,33,37
St. Johnstone FC,JOH,2012-02-22 00:00:00,38,42,52
St. Johnstone FC,JOH,2013-09-20 00:00:00,42,44,56
St. Johnstone FC,JOH,2014-09-19 00:00:00,40,40,52
St. Johnstone FC,JOH,2015-09-10 00:00:00,48,37,55
Sint-Truidense VV,STT,2010-02-22 00:00:00,50,50,50
Sint-Truidense VV,STT,2011-02-22 00:00:00,46,46,46
Sint-Truidense VV,STT,2012-02-22 00:00:00,40,32,41
Standard de Liège,STL,2010-02-22 00:00:00,70,70,65
Standard de Liège,STL,2011-02-22 00:00:00,47,59,66
Standard de Liège,STL,2012-02-22 00:00:00,60,45,52
Standard de Liège,STL,2013-09-20 00:00:00,60,45,52
Standard de Liège,STL,2014-09-19 00:00:00,54,45,52
Standard de Liège,STL,2015-09-10 00:00:00,54,45,52
Stoke City,STK,2010-02-22 00:00:00,70,35,35
Stoke City,STK,2011-02-22 00:00:00,65,25,50
Stoke City,STK,2012-02-22 00:00:00,58,50,45
Stoke City,STK,2013-09-20 00:00:00,37,32,41
Stoke City,STK,2014-09-19 00:00:00,40,38,41
Stoke City,STK,2015-09-10 00:00:00,37,44,51
Sunderland,SUN,2010-02-22 00:00:00,70,35,35
Sunderland,SUN,2011-02-22 00:00:00,55,45,65
Sunderland,SUN,2012-02-22 00:00:00,53,47,60
Sunderland,SUN,2013-09-20 00:00:00,52,47,49
Sunderland,SUN,2014-09-19 00:00:00,38,41,53
Sunderland,SUN,2015-09-10 00:00:00,45,47,49
Swansea City,SWA,2010-02-22 00:00:00,70,70,70
Swansea City,SWA,2011-02-22 00:00:00,47,44,64
Swansea City,SWA,2012-02-22 00:00:00,58,48,60
Swansea City,SWA,2013-09-20 00:00:00,58,52,57
Swansea City,SWA,2014-09-19 00:00:00,58,51,54
Swansea City,SWA,2015-09-10 00:00:00,47,31,42
CD Tenerife,TEN,2010-02-22 00:00:00,30,50,45
CD Tenerife,TEN,2011-02-22 00:00:00,50,57,67
CD Tenerife,TEN,2014-09-19 00:00:00,50,52,65
CD Tenerife,TEN,2015-09-10 00:00:00,50,52,69
FC Thun,THU,2011-02-22 00:00:00,34,37,46
FC Thun,THU,2012-02-22 00:00:00,45,47,53
FC Thun,THU,2013-09-20 00:00:00,45,47,53
FC Thun,THU,2014-09-19 00:00:00,45,47,53
FC Thun,THU,2015-09-10 00:00:00,45,47,53
Torino,TOR,2010-02-22 00:00:00,35,45,55
Torino,TOR,2011-02-22 00:00:00,45,45,55
Torino,TOR,2012-02-22 00:00:00,45,35,50
Torino,TOR,2013-09-20 00:00:00,46,39,52
Torino,TOR,2014-09-19 00:00:00,34,39,52
Torino,TOR,2015-09-10 00:00:00,46,39,52
Tottenham Hotspur,TOT,2010-02-22 00:00:00,50,50,50
Tottenham Hotspur,TOT,2011-02-22 00:00:00,40,30,60
Tottenham Hotspur,TOT,2012-02-22 00:00:00,44,43,51
Tottenham Hotspur,TOT,2013-09-20 00:00:00,61,63,57
Tottenham Hotspur,TOT,2014-09-19 00:00:00,51,58,56
Tottenham Hotspur,TOT,2015-09-10 00:00:00,54,63,56
Toulouse FC,TOU,2010-02-22 00:00:00,45,30,30
Toulouse FC,TOU,2011-02-22 00:00:00,55,35,50
Toulouse FC,TOU,2012-02-22 00:00:00,45,36,49
Toulouse FC,TOU,2013-09-20 00:00:00,45,36,49
Toulouse FC,TOU,2014-09-19 00:00:00,52,36,49
Toulouse FC,TOU,2015-09-10 00:00:00,45,36,49
ES Troyes AC,TRO,2011-02-22 00:00:00,45,45,50
ES Troyes AC,TRO,2012-02-22 00:00:00,42,43,52
ES Troyes AC,TRO,2013-09-20 00:00:00,42,43,52
ES Troyes AC,TRO,2014-09-19 00:00:00,42,43,52
ES Troyes AC,TRO,2015-09-10 00:00:00,42,43,52
FC Twente,TWE,2010-02-22 00:00:00,30,30,30
FC Twente,TWE,2011-02-22 00:00:00,59,61,54
FC Twente,TWE,2012-02-22 00:00:00,68,62,67
FC Twente,TWE,2013-09-20 00:00:00,44,34,54
FC Twente,TWE,2014-09-19 00:00:00,41,44,55
FC Twente,TWE,2015-09-10 00:00:00,41,44,55
Udinese,UDI,2010-02-22 00:00:00,30,35,55
Udinese,UDI,2011-02-22 00:00:00,45,44,55
Udinese,UDI,2012-02-22 00:00:00,55,45,50
Udinese,UDI,2013-09-20 00:00:00,63,40,57
Udinese,UDI,2014-09-19 00:00:00,46,40,57
Udinese,UDI,2015-09-10 00:00:00,57,40,57
"União de Leiria, SAD",ULE,2010-02-22 00:00:00,50,50,50
"União de Leiria, SAD",ULE,2011-02-22 00:00:00,50,50,50
"União de Leiria, SAD",ULE,2012-02-22 00:00:00,45,53,56
Valencia CF,VAL,2010-02-22 00:00:00,60,55,60
Valencia CF,VAL,2011-02-22 00:00:00,48,40,54
Valencia CF,VAL,2012-02-22 00:00:00,38,51,59
Valencia CF,VAL,2013-09-20 00:00:00,38,51,59
Valencia CF,VAL,2014-09-19 00:00:00,38,51,59
Valencia CF,VAL,2015-09-10 00:00:00,45,49,53
Valenciennes FC,VAL,2010-02-22 00:00:00,55,30,30
Valenciennes FC,VAL,2011-02-22 00:00:00,45,45,65
Valenciennes FC,VAL,2012-02-22 00:00:00,57,43,51
Valenciennes FC,VAL,2013-09-20 00:00:00,57,43,51
Valenciennes FC,VAL,2014-09-19 00:00:00,51,47,46
Valenciennes FC,VAL,2015-09-10 00:00:00,51,47,46
Real Valladolid,VAL,2010-02-22 00:00:00,65,30,30
Real Valladolid,VAL,2011-02-22 00:00:00,52,43,59
Real Valladolid,VAL,2012-02-22 00:00:00,50,51,60
Real Valladolid,VAL,2013-09-20 00:00:00,50,51,60
Real Valladolid,VAL,2014-09-19 00:00:00,50,51,60
Real Valladolid,VAL,2015-09-10 00:00:00,40,47,47
Hellas Verona,VER,2012-02-22 00:00:00,55,45,50
Hellas Verona,VER,2013-09-20 00:00:00,59,47,63
Hellas Verona,VER,2014-09-19 00:00:00,47,31,37
Hellas Verona,VER,2015-09-10 00:00:00,59,47,52
VfB Stuttgart,STU,2010-02-22 00:00:00,50,65,60
VfB Stuttgart,STU,2011-02-22 00:00:00,56,45,39
VfB Stuttgart,STU,2012-02-22 00:00:00,44,47,43
VfB Stuttgart,STU,2013-09-20 00:00:00,52,47,38
VfB Stuttgart,STU,2014-09-19 00:00:00,54,46,40
VfB Stuttgart,STU,2015-09-10 00:00:00,44,41,32
Villarreal CF,VIL,2010-02-22 00:00:00,30,65,70
Villarreal CF,VIL,2011-02-22 00:00:00,48,50,54
Villarreal CF,VIL,2012-02-22 00:00:00,51,51,56
Villarreal CF,VIL,2013-09-20 00:00:00,51,51,56
Villarreal CF,VIL,2014-09-19 00:00:00,51,51,56
Villarreal CF,VIL,2015-09-10 00:00:00,48,47,44
Vitesse,VIT,2010-02-22 00:00:00,30,30,30
Vitesse,VIT,2011-02-22 00:00:00,60,55,64
Vitesse,VIT,2012-02-22 00:00:00,54,42,48
Vitesse,VIT,2013-09-20 00:00:00,45,42,48
Vitesse,VIT,2014-09-19 00:00:00,54,42,62
Vitesse,VIT,2015-09-10 00:00:00,58,60,62
Vitória Guimarães,GUI,2010-02-22 00:00:00,30,30,30
Vitória Guimarães,GUI,2011-02-22 00:00:00,55,55,48
Vitória Guimarães,GUI,2012-02-22 00:00:00,59,50,68
Vitória Guimarães,GUI,2013-09-20 00:00:00,59,50,64
Vitória Guimarães,GUI,2014-09-19 00:00:00,40,37,64
Vitória Guimarães,GUI,2015-09-10 00:00:00,40,37,64
Vitória Setúbal,SET,2010-02-22 00:00:00,30,30,30
Vitória Setúbal,SET,2011-02-22 00:00:00,55,35,50
Vitória Setúbal,SET,2012-02-22 00:00:00,37,37,58
Vitória Setúbal,SET,2013-09-20 00:00:00,37,37,58
Vitória Setúbal,SET,2014-09-19 00:00:00,37,37,58
Vitória Setúbal,SET,2015-09-10 00:00:00,37,37,58
VVV-Venlo,VEN,2010-02-22 00:00:00,50,50,50
VVV-Venlo,VEN,2011-02-22 00:00:00,47,38,49
VVV-Venlo,VEN,2012-02-22 00:00:00,55,46,54
VVV-Venlo,VEN,2013-09-20 00:00:00,42,29,49
Waasland-Beveren,WAA,2013-09-20 00:00:00,49,30,35
Waasland-Beveren,WAA,2014-09-19 00:00:00,37,25,35
Waasland-Beveren,WAA,2015-09-10 00:00:00,32,27,35
Watford,WAT,2010-02-22 00:00:00,70,70,65
Watford,WAT,2011-02-22 00:00:00,47,44,66
Watford,WAT,2012-02-22 00:00:00,50,48,45
Watford,WAT,2013-09-20 00:00:00,52,38,45
Watford,WAT,2014-09-19 00:00:00,52,38,45
Watford,WAT,2015-09-10 00:00:00,52,38,45
SV Werder Bremen,WBR,2010-02-22 00:00:00,65,70,70
SV Werder Bremen,WBR,2011-02-22 00:00:00,48,64,68
SV Werder Bremen,WBR,2012-02-22 00:00:00,50,49,65
SV Werder Bremen,WBR,2013-09-20 00:00:00,50,60,64
SV Werder Bremen,WBR,2014-09-19 00:00:00,50,40,45
SV Werder Bremen,WBR,2015-09-10 00:00:00,47,63,73
West Bromwich Albion,WBA,2010-02-22 00:00:00,70,70,70
West Bromwich Albion,WBA,2011-02-22 00:00:00,55,35,60
West Bromwich Albion,WBA,2012-02-22 00:00:00,38,38,52
West Bromwich Albion,WBA,2013-09-20 00:00:00,31,33,49
West Bromwich Albion,WBA,2014-09-19 00:00:00,40,41,49
West Bromwich Albion,WBA,2015-09-10 00:00:00,40,41,49
West Ham United,WHU,2010-02-22 00:00:00,70,30,30
West Ham United,WHU,2011-02-22 00:00:00,45,45,50
West Ham United,WHU,2012-02-22 00:00:00,34,30,38
West Ham United,WHU,2013-09-20 00:00:00,37,30,41
West Ham United,WHU,2014-09-19 00:00:00,34,30,41
West Ham United,WHU,2015-09-10 00:00:00,37,30,41
KVC Westerlo,WES,2010-02-22 00:00:00,70,70,70
KVC Westerlo,WES,2011-02-22 00:00:00,59,48,67
KVC Westerlo,WES,2012-02-22 00:00:00,45,48,53
KVC Westerlo,WES,2015-09-10 00:00:00,45,48,53
Widzew Łódź,WID,2011-02-22 00:00:00,58,37,63
Widzew Łódź,WID,2012-02-22 00:00:00,32,32,62
Widzew Łódź,WID,2013-09-20 00:00:00,43,32,46
Widzew Łódź,WID,2014-09-19 00:00:00,38,36,65
Wigan Athletic,WIG,2010-02-22 00:00:00,70,35,35
Wigan Athletic,WIG,2011-02-22 00:00:00,55,45,65
Wigan Athletic,WIG,2012-02-22 00:00:00,42,40,44
Wigan Athletic,WIG,2013-09-20 00:00:00,52,56,44
Wigan Athletic,WIG,2014-09-19 00:00:00,57,62,44
Wigan Athletic,WIG,2015-09-10 00:00:00,48,62,44
Willem II,WII,2010-02-22 00:00:00,30,30,30
Willem II,WII,2011-02-22 00:00:00,63,28,62
Willem II,WII,2013-09-20 00:00:00,35,43,47
Willem II,WII,2015-09-10 00:00:00,45,43,47
Wisła Kraków,WIS,2010-02-22 00:00:00,70,70,65
Wisła Kraków,WIS,2011-02-22 00:00:00,47,58,52
Wisła Kraków,WIS,2012-02-22 00:00:00,58,60,61
Wisła Kraków,WIS,2013-09-20 00:00:00,58,60,61
Wisła Kraków,WIS,2014-09-19 00:00:00,66,60,53
Wisła Kraków,WIS,2015-09-10 00:00:00,58,62,37
VfL Wolfsburg,WOL,2010-02-22 00:00:00,60,45,50
VfL Wolfsburg,WOL,2011-02-22 00:00:00,47,58,66
VfL Wolfsburg,WOL,2012-02-22 00:00:00,40,38,45
VfL Wolfsburg,WOL,2013-09-20 00:00:00,42,64,55
VfL Wolfsburg,WOL,2014-09-19 00:00:00,48,59,47
VfL Wolfsburg,WOL,2015-09-10 00:00:00,46,66,55
Wolverhampton Wanderers,WOL,2010-02-22 00:00:00,70,70,70
Wolverhampton Wanderers,WOL,2011-02-22 00:00:00,45,45,50
Wolverhampton Wanderers,WOL,2012-02-22 00:00:00,60,48,45
Wolverhampton Wanderers,WOL,2013-09-20 00:00:00,48,42,52
Wolverhampton Wanderers,WOL,2014-09-19 00:00:00,48,47,52
Wolverhampton Wanderers,WOL,2015-09-10 00:00:00,48,47,55
Neuchâtel Xamax,XAM,2010-02-22 00:00:00,45,50,55
Neuchâtel Xamax,XAM,2011-02-22 00:00:00,45,49,52
Neuchâtel Xamax,XAM,2012-02-22 00:00:00,31,34,51
Xerez Club Deportivo,XER,2010-02-22 00:00:00,50,45,45
Xerez Club Deportivo,XER,2011-02-22 00:00:00,52,46,67
Xerez Club Deportivo,XER,2012-02-22 00:00:00,54,49,50
Xerez Club Deportivo,XER,2013-09-20 00:00:00,54,49,50
BSC Young Boys,YB,2010-02-22 00:00:00,55,55,60
BSC Young Boys,YB,2011-02-22 00:00:00,49,48,61
BSC Young Boys,YB,2012-02-22 00:00:00,34,44,50
BSC Young Boys,YB,2013-09-20 00:00:00,34,44,50
BSC Young Boys,YB,2014-09-19 00:00:00,34,44,50
BSC Young Boys,YB,2015-09-10 00:00:00,34,44,50
Zagłębie Lubin,ZAG,2010-02-22 00:00:00,70,70,70
Zagłębie Lubin,ZAG,2011-02-22 00:00:00,58,47,52
Zagłębie Lubin,ZAG,2012-02-22 00:00:00,47,58,52
Zagłębie Lubin,ZAG,2013-09-20 00:00:00,47,58,52
Zagłębie Lubin,ZAG,2014-09-19 00:00:00,38,58,52
Real Zaragoza,ZAR,2010-02-22 00:00:00,30,40,45
Real Zaragoza,ZAR,2011-02-22 00:00:00,40,38,53
Real Zaragoza,ZAR,2012-02-22 00:00:00,46,51,61
Real Zaragoza,ZAR,2013-09-20 00:00:00,46,51,61
Real Zaragoza,ZAR,2014-09-19 00:00:00,46,51,61
Real Zaragoza,ZAR,2015-09-10 00:00:00,43,48,49
Zawisza Bydgoszcz,ZAW,2014-09-19 00:00:00,47,44,52
Zawisza Bydgoszcz,ZAW,2015-09-10 00:00:00,47,44,52
SV Zulte-Waregem,ZUL,2010-02-22 00:00:00,60,70,70
SV Zulte-Waregem,ZUL,2011-02-22 00:00:00,48,46,53
SV Zulte-Waregem,ZUL,2012-02-22 00:00:00,55,44,53
SV Zulte-Waregem,ZUL,2013-09-20 00:00:00,58,44,37
SV Zulte-Waregem,ZUL,2014-09-19 00:00:00,58,44,37
SV Zulte-Waregem,ZUL,2015-09-10 00:00:00,58,44,37
